feedback_id,created_at,game_ref,player_appellation,version,event_name,channel,text,image_hint,text_emotion,text_emotion_cn,text_confidence,image_emotion,image_emotion_cn,image_confidence,fused_emotion,fused_emotion_cn,fused_confidence,intent,risk_level,need_reply,recommended_action,tags,trace
FB0001,2026-04-10 02:43:00,原神,旅行者,5.7,海灯节复刻,TapTap,移动端画面特效一多就掉帧，尤其是新地图传送点附近。,崩溃报错截图,sadness,失落,0.79,sadness,失落,0.4,sadness,失落,0.65,BUG反馈,高,是,优先客服跟进；同步运营群；检查公告口径,体验问题；需人工复核,文本情绪=失落(0.79); 图像线索=崩溃报错截图/失落(0.4); 融合结果=失落(0.65); 意图=BUG反馈; 风险=高
FB0002,2026-04-20 04:28:00,鸣潮,漂泊者,3.0,主线间章,客服工单,公告说法太模糊，社区都吵起来了，建议尽快补充解释。,无图,disgust,反感,0.89,,,0.0,disgust,反感,0.89,舆情投诉,严重,是,立即人工复核；升级舆情预警；准备补充公告/补偿评估,需人工复核,文本情绪=反感(0.89); 图像线索=无图/失落(0.0); 融合结果=反感(0.89); 意图=舆情投诉; 风险=严重
FB0003,2026-04-10 02:05:00,星穹铁道,开拓者,3.2,跃迁卡池,游戏内问卷,邮件有效期太短，错过上线就领不到，有点难受。,公告截图,sadness,失落,0.72,joy,喜悦,0.77,sadness,失落,0.74,福利补偿,中,是,生成角色化安抚回复；归入版本反馈池,商业化/补偿,文本情绪=失落(0.72); 图像线索=公告截图/喜悦(0.77); 融合结果=失落(0.74); 意图=福利补偿; 风险=中
FB0004,2026-04-07 07:02:00,星穹铁道,开拓者,3.3,活动商店,NGA论坛,新角色的个人故事很细腻，配音和BGM加分，真的有被打动。,抽卡截图,surprise,惊讶,0.87,anger,愤怒,0.57,surprise,惊讶,0.77,剧情评价,低,否,记录样本；进入日报统计,内容反馈,文本情绪=惊讶(0.87); 图像线索=抽卡截图/愤怒(0.57); 融合结果=惊讶(0.77); 意图=剧情评价; 风险=低
FB0005,2026-04-07 11:38:00,明日方舟,博士,2.5,集成战略,小红书,这次礼包性价比还可以，但希望别把关键养成材料拆太碎。,剧情CG截图,joy,喜悦,0.78,joy,喜悦,0.57,joy,喜悦,0.71,抽卡/付费,中,是,生成角色化安抚回复；归入版本反馈池,商业化/补偿；可正向传播,文本情绪=喜悦(0.78); 图像线索=剧情CG截图/喜悦(0.57); 融合结果=喜悦(0.71); 意图=抽卡/付费; 风险=中
FB0006,2026-05-05 14:17:00,鸣潮,漂泊者,2.6,共鸣者唤取,游戏内问卷,维护补偿到账很快，这点好评。,公告截图,joy,喜悦,0.93,joy,喜悦,0.63,joy,喜悦,0.82,福利补偿,低,否,记录样本；进入日报统计,商业化/补偿；可正向传播,文本情绪=喜悦(0.93); 图像线索=公告截图/喜悦(0.63); 融合结果=喜悦(0.82); 意图=福利补偿; 风险=低
FB0007,2026-05-05 10:23:00,鸣潮,漂泊者,3.2,共鸣者唤取,客服工单,角色强度和剧情表现差距有点大，希望后续能加强。,活动奖励截图,joy,喜悦,0.96,joy,喜悦,0.38,joy,喜悦,0.76,角色厨力,低,是,记录样本；进入日报统计,内容反馈；可正向传播,文本情绪=喜悦(0.96); 图像线索=活动奖励截图/喜悦(0.38); 融合结果=喜悦(0.76); 意图=角色厨力; 风险=低
FB0008,2026-05-03 22:38:00,鸣潮,漂泊者,2.6,主线间章,客服工单,攒了两个月终于抽到本命，角色演出太值了。,无图,surprise,惊讶,0.78,,,0.0,surprise,惊讶,0.78,抽卡/付费,中,是,生成角色化安抚回复；归入版本反馈池,商业化/补偿,文本情绪=惊讶(0.78); 图像线索=无图/愤怒(0.0); 融合结果=惊讶(0.78); 意图=抽卡/付费; 风险=中
FB0009,2026-05-10 02:00:00,明日方舟,博士,2.7,集成战略,TapTap,维护补偿到账很快，这点好评。,角色立绘截图,trust,信任,0.91,sadness,失落,0.64,trust,信任,0.82,福利补偿,低,是,记录样本；进入日报统计,商业化/补偿；可正向传播,文本情绪=信任(0.91); 图像线索=角色立绘截图/失落(0.64); 融合结果=信任(0.82); 意图=福利补偿; 风险=低
FB0010,2026-04-01 10:38:00,明日方舟,博士,2.6,限定寻访,TapTap,角色调整没有提前沟通，老玩家会觉得被背刺。,公告截图,anger,愤怒,0.59,surprise,惊讶,0.49,anger,愤怒,0.55,舆情投诉,严重,是,立即人工复核；升级舆情预警；准备补充公告/补偿评估,需人工复核,文本情绪=愤怒(0.59); 图像线索=公告截图/惊讶(0.49); 融合结果=愤怒(0.55); 意图=舆情投诉; 风险=严重
FB0011,2026-05-11 22:35:00,原神,旅行者,5.7,月之歌版本,TapTap,文案里专有名词太密集，新玩家看得有点懵。,崩溃报错截图,joy,喜悦,0.78,fear,担忧,0.76,fear,担忧,0.77,剧情评价,中,是,生成角色化安抚回复；归入版本反馈池,内容反馈,文本情绪=喜悦(0.78); 图像线索=崩溃报错截图/担忧(0.76); 融合结果=担忧(0.77); 意图=剧情评价; 风险=中
FB0012,2026-04-06 20:21:00,明日方舟,博士,2.5,危机合约轮换,NGA论坛,反馈入口太深了，找客服像做隐藏任务。,剧情CG截图,anger,愤怒,0.79,anger,愤怒,0.75,anger,愤怒,0.78,客服求助,高,是,优先客服跟进；同步运营群；检查公告口径,需人工复核,文本情绪=愤怒(0.79); 图像线索=剧情CG截图/愤怒(0.75); 融合结果=愤怒(0.78); 意图=客服求助; 风险=高
FB0013,2026-04-25 03:42:00,鸣潮,漂泊者,2.6,声骸双倍,NGA论坛,这次主线后半段演出很燃，角色的选择也有说服力，想继续追。,活动奖励截图,sadness,失落,0.78,sadness,失落,0.62,sadness,失落,0.72,剧情评价,中,是,生成角色化安抚回复；归入版本反馈池,内容反馈,文本情绪=失落(0.78); 图像线索=活动奖励截图/失落(0.62); 融合结果=失落(0.72); 意图=剧情评价; 风险=中
FB0014,2026-05-07 12:26:00,星穹铁道,开拓者,3.4,模拟宇宙更新,游戏内问卷,活动小游戏挺有创意，但每日任务重复度太高。,抽卡截图,sadness,失落,0.86,sadness,失落,0.77,sadness,失落,0.83,活动体验,高,是,优先客服跟进；同步运营群；检查公告口径,需人工复核,文本情绪=失落(0.86); 图像线索=抽卡截图/失落(0.77); 融合结果=失落(0.83); 意图=活动体验; 风险=高
FB0015,2026-05-07 09:11:00,鸣潮,漂泊者,3.3,主线间章,TapTap,活动商店兑换材料丰富，肝度控制得不错。,抽卡截图,anger,愤怒,0.67,anger,愤怒,0.84,anger,愤怒,0.73,活动体验,高,是,优先客服跟进；同步运营群；检查公告口径,需人工复核,文本情绪=愤怒(0.67); 图像线索=抽卡截图/愤怒(0.84); 融合结果=愤怒(0.73); 意图=活动体验; 风险=高
FB0016,2026-05-06 01:31:00,原神,旅行者,5.7,月之歌版本,TapTap,更新后进副本会卡在加载界面，重启也不稳定，希望尽快修。,无图,disgust,反感,0.91,,,0.0,disgust,反感,0.91,BUG反馈,严重,是,立即人工复核；升级舆情预警；准备补充公告/补偿评估,体验问题；需人工复核,文本情绪=反感(0.91); 图像线索=无图/失落(0.0); 融合结果=反感(0.91); 意图=BUG反馈; 风险=严重
FB0017,2026-05-07 11:44:00,星穹铁道,开拓者,3.4,同行任务,小红书,任务指引把我带到空气墙后面了，找了半小时都没触发。,活动奖励截图,neutral,中性,0.96,neutral,中性,0.52,neutral,中性,0.81,BUG反馈,中,是,生成角色化安抚回复；归入版本反馈池,体验问题,文本情绪=中性(0.96); 图像线索=活动奖励截图/中性(0.52); 融合结果=中性(0.81); 意图=BUG反馈; 风险=中
FB0018,2026-05-12 01:32:00,原神,旅行者,5.6,幻想境活动,B站评论,美术、音乐和角色塑造都在线，适合喜欢剧情向二游的玩家。,无图,neutral,中性,0.78,,,0.0,neutral,中性,0.78,正向安利,低,是,记录样本；进入日报统计,常规反馈,文本情绪=中性(0.78); 图像线索=无图/愤怒(0.0); 融合结果=中性(0.78); 意图=正向安利; 风险=低
FB0019,2026-04-22 09:37:00,原神,旅行者,6.0,海灯节复刻,微博超话,美术、音乐和角色塑造都在线，适合喜欢剧情向二游的玩家。,崩溃报错截图,trust,信任,0.82,neutral,中性,0.88,trust,信任,0.84,正向安利,中,是,生成角色化安抚回复；归入版本反馈池,可正向传播,文本情绪=信任(0.82); 图像线索=崩溃报错截图/中性(0.88); 融合结果=信任(0.84); 意图=正向安利; 风险=中
FB0020,2026-05-10 09:20:00,明日方舟,博士,2.5,SideStory活动,小红书,高难关卡数值有点夸张，普通玩家很难拿满奖励。,无图,trust,信任,0.94,,,0.0,trust,信任,0.94,活动体验,中,是,生成角色化安抚回复；归入版本反馈池,可正向传播,文本情绪=信任(0.94); 图像线索=无图/反感(0.0); 融合结果=信任(0.94); 意图=活动体验; 风险=中
FB0021,2026-05-01 03:56:00,原神,旅行者,5.8,深境挑战,TapTap,剧情节奏有点拖，前面铺垫太长，关键冲突反而一笔带过。,角色立绘截图,joy,喜悦,0.67,joy,喜悦,0.83,joy,喜悦,0.73,剧情评价,低,否,记录样本；进入日报统计,内容反馈；可正向传播,文本情绪=喜悦(0.67); 图像线索=角色立绘截图/喜悦(0.83); 融合结果=喜悦(0.73); 意图=剧情评价; 风险=低
FB0022,2026-04-11 05:56:00,原神,旅行者,5.7,月之歌版本,小红书,直播承诺和实装差距太大，这种落差很伤信任。,角色立绘截图,anger,愤怒,0.79,anger,愤怒,0.47,anger,愤怒,0.68,舆情投诉,严重,是,立即人工复核；升级舆情预警；准备补充公告/补偿评估,需人工复核,文本情绪=愤怒(0.79); 图像线索=角色立绘截图/愤怒(0.47); 融合结果=愤怒(0.68); 意图=舆情投诉; 风险=严重
FB0023,2026-04-05 17:05:00,明日方舟,博士,2.7,剿灭委托,小红书,高难关卡数值有点夸张，普通玩家很难拿满奖励。,无图,surprise,惊讶,0.9,,,0.0,surprise,惊讶,0.9,活动体验,中,是,生成角色化安抚回复；归入版本反馈池,常规反馈,文本情绪=惊讶(0.9); 图像线索=无图/喜悦(0.0); 融合结果=惊讶(0.9); 意图=活动体验; 风险=中
FB0024,2026-04-02 04:07:00,明日方舟,博士,2.7,限定寻访,客服工单,这次礼包性价比还可以，但希望别把关键养成材料拆太碎。,战斗掉帧截图,anger,愤怒,0.92,anger,愤怒,0.83,anger,愤怒,0.89,抽卡/付费,严重,是,立即人工复核；升级舆情预警；准备补充公告/补偿评估,商业化/补偿；需人工复核,文本情绪=愤怒(0.92); 图像线索=战斗掉帧截图/愤怒(0.83); 融合结果=愤怒(0.89); 意图=抽卡/付费; 风险=严重
FB0025,2026-05-01 21:13:00,星穹铁道,开拓者,3.3,同行任务,B站评论,限定池保底压力太大，连续歪真的心态爆炸。,公告截图,joy,喜悦,0.83,trust,信任,0.91,joy,喜悦,0.86,抽卡/付费,高,是,优先客服跟进；同步运营群；检查公告口径,商业化/补偿；需人工复核；可正向传播,文本情绪=喜悦(0.83); 图像线索=公告截图/信任(0.91); 融合结果=喜悦(0.86); 意图=抽卡/付费; 风险=高
FB0026,2026-04-29 17:50:00,鸣潮,漂泊者,2.6,海蚀遗迹活动,TapTap,武器池说明能不能写得更直白一点，概率和继承规则不够醒目。,剧情CG截图,surprise,惊讶,0.88,surprise,惊讶,0.8,surprise,惊讶,0.85,抽卡/付费,高,是,优先客服跟进；同步运营群；检查公告口径,商业化/补偿；需人工复核,文本情绪=惊讶(0.88); 图像线索=剧情CG截图/惊讶(0.8); 融合结果=惊讶(0.85); 意图=抽卡/付费; 风险=高
FB0027,2026-05-01 05:19:00,星穹铁道,开拓者,3.2,跃迁卡池,QQ群,任务指引把我带到空气墙后面了，找了半小时都没触发。,剧情CG截图,sadness,失落,0.91,sadness,失落,0.46,sadness,失落,0.75,BUG反馈,高,是,优先客服跟进；同步运营群；检查公告口径,体验问题；需人工复核,文本情绪=失落(0.91); 图像线索=剧情CG截图/失落(0.46); 融合结果=失落(0.75); 意图=BUG反馈; 风险=高
FB0028,2026-04-29 15:01:00,明日方舟,博士,2.6,集成战略,客服工单,新角色人设太戳我了，战斗动作和待机语音都很有记忆点。,战斗掉帧截图,joy,喜悦,0.95,surprise,惊讶,0.37,joy,喜悦,0.75,角色厨力,低,否,记录样本；进入日报统计,内容反馈；可正向传播,文本情绪=喜悦(0.95); 图像线索=战斗掉帧截图/惊讶(0.37); 融合结果=喜悦(0.75); 意图=角色厨力; 风险=低
FB0029,2026-04-17 14:16:00,明日方舟,博士,2.4,剿灭委托,客服工单,希望补偿规则透明一些，哪些情况能补、补多少要提前说清楚。,剧情CG截图,joy,喜悦,0.75,joy,喜悦,0.39,joy,喜悦,0.62,福利补偿,低,否,记录样本；进入日报统计,商业化/补偿；可正向传播,文本情绪=喜悦(0.75); 图像线索=剧情CG截图/喜悦(0.39); 融合结果=喜悦(0.62); 意图=福利补偿; 风险=低
FB0030,2026-04-29 05:25:00,明日方舟,博士,2.6,剿灭委托,客服工单,新角色的个人故事很细腻，配音和BGM加分，真的有被打动。,剧情CG截图,neutral,中性,0.79,neutral,中性,0.89,neutral,中性,0.83,剧情评价,中,是,生成角色化安抚回复；归入版本反馈池,内容反馈,文本情绪=中性(0.79); 图像线索=剧情CG截图/中性(0.89); 融合结果=中性(0.83); 意图=剧情评价; 风险=中
FB0031,2026-05-08 01:50:00,明日方舟,博士,2.6,集成战略,NGA论坛,PC端帧数稳定了不少，但手机端发热还是明显。,活动奖励截图,neutral,中性,0.83,neutral,中性,0.74,neutral,中性,0.8,性能优化,低,是,记录样本；进入日报统计,体验问题,文本情绪=中性(0.83); 图像线索=活动奖励截图/中性(0.74); 融合结果=中性(0.8); 意图=性能优化; 风险=低
FB0032,2026-04-20 13:51:00,原神,旅行者,5.7,月之歌版本,小红书,皮肤很漂亮，但价格略贵，特效如果再多一点会更愿意买。,剧情CG截图,joy,喜悦,0.59,anger,愤怒,0.61,joy,喜悦,0.6,角色厨力,低,否,记录样本；进入日报统计,内容反馈；可正向传播,文本情绪=喜悦(0.59); 图像线索=剧情CG截图/愤怒(0.61); 融合结果=喜悦(0.6); 意图=角色厨力; 风险=低
FB0033,2026-05-07 15:14:00,星穹铁道,开拓者,3.1,跃迁卡池,微博超话,更新包太大了，能不能做分包下载。,活动奖励截图,anger,愤怒,0.94,anger,愤怒,0.49,anger,愤怒,0.78,性能优化,高,是,优先客服跟进；同步运营群；检查公告口径,体验问题；需人工复核,文本情绪=愤怒(0.94); 图像线索=活动奖励截图/愤怒(0.49); 融合结果=愤怒(0.78); 意图=性能优化; 风险=高
FB0034,2026-05-14 10:27:00,原神,旅行者,5.8,角色祈愿,QQ群,客服回复很快，也帮我找回了误删邮件，感谢。,战斗掉帧截图,trust,信任,0.79,disgust,反感,0.61,trust,信任,0.73,客服求助,低,是,记录样本；进入日报统计,可正向传播,文本情绪=信任(0.79); 图像线索=战斗掉帧截图/反感(0.61); 融合结果=信任(0.73); 意图=客服求助; 风险=低
FB0035,2026-04-07 23:45:00,鸣潮,漂泊者,3.2,共鸣者唤取,QQ群,角色台词有几句重复触发太频繁，听久了有点出戏。,公告截图,joy,喜悦,0.68,anger,愤怒,0.43,joy,喜悦,0.59,角色厨力,低,是,记录样本；进入日报统计,内容反馈；可正向传播,文本情绪=喜悦(0.68); 图像线索=公告截图/愤怒(0.43); 融合结果=喜悦(0.59); 意图=角色厨力; 风险=低
FB0036,2026-04-29 14:34:00,星穹铁道,开拓者,3.4,模拟宇宙更新,客服工单,武器池说明能不能写得更直白一点，概率和继承规则不够醒目。,崩溃报错截图,sadness,失落,0.6,sadness,失落,0.79,sadness,失落,0.67,抽卡/付费,高,是,优先客服跟进；同步运营群；检查公告口径,商业化/补偿；需人工复核,文本情绪=失落(0.6); 图像线索=崩溃报错截图/失落(0.79); 融合结果=失落(0.67); 意图=抽卡/付费; 风险=高
FB0037,2026-04-26 20:48:00,原神,旅行者,5.6,角色祈愿,游戏内问卷,客服和社区运营这次处理得很稳，值得夸。,崩溃报错截图,joy,喜悦,0.92,joy,喜悦,0.77,joy,喜悦,0.87,正向安利,中,是,生成角色化安抚回复；归入版本反馈池,可正向传播,文本情绪=喜悦(0.92); 图像线索=崩溃报错截图/喜悦(0.77); 融合结果=喜悦(0.87); 意图=正向安利; 风险=中
FB0038,2026-04-03 20:24:00,鸣潮,漂泊者,3.3,声骸双倍,QQ群,客服回复很快，也帮我找回了误删邮件，感谢。,崩溃报错截图,sadness,失落,0.84,disgust,反感,0.87,sadness,失落,0.85,客服求助,高,是,优先客服跟进；同步运营群；检查公告口径,需人工复核,文本情绪=失落(0.84); 图像线索=崩溃报错截图/反感(0.87); 融合结果=失落(0.85); 意图=客服求助; 风险=高
FB0039,2026-05-10 18:11:00,星穹铁道,开拓者,3.4,模拟宇宙更新,TapTap,美术、音乐和角色塑造都在线，适合喜欢剧情向二游的玩家。,剧情CG截图,joy,喜悦,0.72,joy,喜悦,0.54,joy,喜悦,0.66,正向安利,低,否,记录样本；进入日报统计,可正向传播,文本情绪=喜悦(0.72); 图像线索=剧情CG截图/喜悦(0.54); 融合结果=喜悦(0.66); 意图=正向安利; 风险=低
FB0040,2026-04-05 19:22:00,明日方舟,博士,2.7,危机合约轮换,B站评论,过场动画加载变快了，体验比上个版本好。,无图,anger,愤怒,0.61,,,0.0,anger,愤怒,0.61,性能优化,高,是,优先客服跟进；同步运营群；检查公告口径,体验问题；需人工复核,文本情绪=愤怒(0.61); 图像线索=无图/喜悦(0.0); 融合结果=愤怒(0.61); 意图=性能优化; 风险=高
FB0041,2026-04-12 03:30:00,鸣潮,漂泊者,3.0,主线间章,NGA论坛,活动小游戏挺有创意，但每日任务重复度太高。,剧情CG截图,surprise,惊讶,0.79,surprise,惊讶,0.5,surprise,惊讶,0.69,活动体验,低,否,记录样本；进入日报统计,常规反馈,文本情绪=惊讶(0.79); 图像线索=剧情CG截图/惊讶(0.5); 融合结果=惊讶(0.69); 意图=活动体验; 风险=低
FB0042,2026-04-03 13:59:00,鸣潮,漂泊者,3.2,共鸣者唤取,微博超话,美术、音乐和角色塑造都在线，适合喜欢剧情向二游的玩家。,崩溃报错截图,joy,喜悦,0.84,joy,喜悦,0.76,joy,喜悦,0.81,正向安利,低,是,记录样本；进入日报统计,可正向传播,文本情绪=喜悦(0.84); 图像线索=崩溃报错截图/喜悦(0.76); 融合结果=喜悦(0.81); 意图=正向安利; 风险=低
FB0043,2026-05-07 22:42:00,原神,旅行者,5.6,深境挑战,游戏内问卷,新角色人设太戳我了，战斗动作和待机语音都很有记忆点。,公告截图,joy,喜悦,0.77,joy,喜悦,0.59,joy,喜悦,0.71,角色厨力,低,否,记录样本；进入日报统计,内容反馈；可正向传播,文本情绪=喜悦(0.77); 图像线索=公告截图/喜悦(0.59); 融合结果=喜悦(0.71); 意图=角色厨力; 风险=低
FB0044,2026-04-16 09:46:00,原神,旅行者,5.7,角色祈愿,客服工单,过场动画加载变快了，体验比上个版本好。,活动奖励截图,sadness,失落,0.83,sadness,失落,0.82,sadness,失落,0.83,性能优化,高,是,优先客服跟进；同步运营群；检查公告口径,体验问题；需人工复核,文本情绪=失落(0.83); 图像线索=活动奖励截图/失落(0.82); 融合结果=失落(0.83); 意图=性能优化; 风险=高
FB0045,2026-05-11 00:36:00,明日方舟,博士,2.7,集成战略,NGA论坛,活动小游戏挺有创意，但每日任务重复度太高。,无图,surprise,惊讶,0.72,,,0.0,surprise,惊讶,0.72,活动体验,低,否,记录样本；进入日报统计,常规反馈,文本情绪=惊讶(0.72); 图像线索=无图/反感(0.0); 融合结果=惊讶(0.72); 意图=活动体验; 风险=低
FB0046,2026-04-25 05:56:00,鸣潮,漂泊者,3.2,声骸双倍,游戏内问卷,客服回复很快，也帮我找回了误删邮件，感谢。,无图,neutral,中性,0.91,,,0.0,neutral,中性,0.91,客服求助,中,是,生成角色化安抚回复；归入版本反馈池,常规反馈,文本情绪=中性(0.91); 图像线索=无图/担忧(0.0); 融合结果=中性(0.91); 意图=客服求助; 风险=中
FB0047,2026-05-13 06:28:00,原神,旅行者,5.7,角色祈愿,QQ群,联机活动匹配体验一般，队友掉线后没有补偿机制。,剧情CG截图,neutral,中性,0.62,neutral,中性,0.49,neutral,中性,0.57,活动体验,低,否,记录样本；进入日报统计,常规反馈,文本情绪=中性(0.62); 图像线索=剧情CG截图/中性(0.49); 融合结果=中性(0.57); 意图=活动体验; 风险=低
FB0048,2026-05-10 02:17:00,星穹铁道,开拓者,3.3,版本前瞻,游戏内问卷,直播承诺和实装差距太大，这种落差很伤信任。,剧情CG截图,anger,愤怒,0.67,anger,愤怒,0.77,anger,愤怒,0.71,舆情投诉,严重,是,立即人工复核；升级舆情预警；准备补充公告/补偿评估,需人工复核,文本情绪=愤怒(0.67); 图像线索=剧情CG截图/愤怒(0.77); 融合结果=愤怒(0.71); 意图=舆情投诉; 风险=严重
FB0049,2026-04-17 22:18:00,鸣潮,漂泊者,3.2,声骸双倍,微博超话,联机活动匹配体验一般，队友掉线后没有补偿机制。,无图,anger,愤怒,0.65,,,0.0,anger,愤怒,0.65,活动体验,高,是,优先客服跟进；同步运营群；检查公告口径,需人工复核,文本情绪=愤怒(0.65); 图像线索=无图/失落(0.0); 融合结果=愤怒(0.65); 意图=活动体验; 风险=高
FB0050,2026-05-13 06:06:00,明日方舟,博士,2.6,剿灭委托,TapTap,更新后进副本会卡在加载界面，重启也不稳定，希望尽快修。,活动奖励截图,neutral,中性,0.8,neutral,中性,0.54,neutral,中性,0.71,BUG反馈,中,是,生成角色化安抚回复；归入版本反馈池,体验问题,文本情绪=中性(0.8); 图像线索=活动奖励截图/中性(0.54); 融合结果=中性(0.71); 意图=BUG反馈; 风险=中
FB0051,2026-05-13 08:04:00,原神,旅行者,5.6,月之歌版本,客服工单,角色台词有几句重复触发太频繁，听久了有点出戏。,战斗掉帧截图,trust,信任,0.84,trust,信任,0.67,trust,信任,0.78,角色厨力,低,否,记录样本；进入日报统计,内容反馈；可正向传播,文本情绪=信任(0.84); 图像线索=战斗掉帧截图/信任(0.67); 融合结果=信任(0.78); 意图=角色厨力; 风险=低
FB0052,2026-05-15 23:24:00,原神,旅行者,6.0,深境挑战,NGA论坛,活动小游戏挺有创意，但每日任务重复度太高。,崩溃报错截图,sadness,失落,0.75,sadness,失落,0.7,sadness,失落,0.73,活动体验,中,是,生成角色化安抚回复；归入版本反馈池,常规反馈,文本情绪=失落(0.75); 图像线索=崩溃报错截图/失落(0.7); 融合结果=失落(0.73); 意图=活动体验; 风险=中
FB0053,2026-04-16 04:35:00,鸣潮,漂泊者,3.0,潮汐回响版本,NGA论坛,高难关卡数值有点夸张，普通玩家很难拿满奖励。,活动奖励截图,joy,喜悦,0.58,disgust,反感,0.52,joy,喜悦,0.56,活动体验,低,否,记录样本；进入日报统计,可正向传播,文本情绪=喜悦(0.58); 图像线索=活动奖励截图/反感(0.52); 融合结果=喜悦(0.56); 意图=活动体验; 风险=低
FB0054,2026-05-07 15:07:00,明日方舟,博士,2.6,限定寻访,NGA论坛,提交工单三天还没回复，活动都快结束了。,角色立绘截图,sadness,失落,0.83,anger,愤怒,0.38,sadness,失落,0.67,客服求助,中,是,生成角色化安抚回复；归入版本反馈池,常规反馈,文本情绪=失落(0.83); 图像线索=角色立绘截图/愤怒(0.38); 融合结果=失落(0.67); 意图=客服求助; 风险=中
FB0055,2026-04-27 07:44:00,明日方舟,博士,2.4,SideStory活动,QQ群,这版本福利和内容量都挺足，回坑体验不错。,活动奖励截图,joy,喜悦,0.68,joy,喜悦,0.69,joy,喜悦,0.68,正向安利,低,否,记录样本；进入日报统计,可正向传播,文本情绪=喜悦(0.68); 图像线索=活动奖励截图/喜悦(0.69); 融合结果=喜悦(0.68); 意图=正向安利; 风险=低
FB0056,2026-04-04 19:48:00,明日方舟,博士,2.4,限定寻访,小红书,更新后进副本会卡在加载界面，重启也不稳定，希望尽快修。,活动奖励截图,sadness,失落,0.76,sadness,失落,0.92,sadness,失落,0.82,BUG反馈,高,是,优先客服跟进；同步运营群；检查公告口径,体验问题；需人工复核,文本情绪=失落(0.76); 图像线索=活动奖励截图/失落(0.92); 融合结果=失落(0.82); 意图=BUG反馈; 风险=高
FB0057,2026-04-29 19:20:00,星穹铁道,开拓者,3.3,版本前瞻,客服工单,提交工单三天还没回复，活动都快结束了。,公告截图,neutral,中性,0.91,neutral,中性,0.63,neutral,中性,0.81,客服求助,低,是,记录样本；进入日报统计,常规反馈,文本情绪=中性(0.91); 图像线索=公告截图/中性(0.63); 融合结果=中性(0.81); 意图=客服求助; 风险=低
FB0058,2026-04-22 21:20:00,星穹铁道,开拓者,3.1,版本前瞻,游戏内问卷,公告说法太模糊，社区都吵起来了，建议尽快补充解释。,无图,anger,愤怒,0.87,,,0.0,anger,愤怒,0.87,舆情投诉,严重,是,立即人工复核；升级舆情预警；准备补充公告/补偿评估,需人工复核,文本情绪=愤怒(0.87); 图像线索=无图/反感(0.0); 融合结果=愤怒(0.87); 意图=舆情投诉; 风险=严重
FB0059,2026-05-09 02:48:00,星穹铁道,开拓者,3.3,活动商店,QQ群,今天打活动关突然闪退两次，体力扣了但奖励没结算。,战斗掉帧截图,anger,愤怒,0.68,disgust,反感,0.85,disgust,反感,0.74,BUG反馈,严重,是,立即人工复核；升级舆情预警；准备补充公告/补偿评估,体验问题；需人工复核,文本情绪=愤怒(0.68); 图像线索=战斗掉帧截图/反感(0.85); 融合结果=反感(0.74); 意图=BUG反馈; 风险=严重
FB0060,2026-04-27 21:35:00,星穹铁道,开拓者,3.2,活动商店,TapTap,这次主线后半段演出很燃，角色的选择也有说服力，想继续追。,剧情CG截图,joy,喜悦,0.74,anger,愤怒,0.61,joy,喜悦,0.69,剧情评价,低,是,记录样本；进入日报统计,内容反馈；可正向传播,文本情绪=喜悦(0.74); 图像线索=剧情CG截图/愤怒(0.61); 融合结果=喜悦(0.69); 意图=剧情评价; 风险=低
FB0061,2026-05-12 13:30:00,鸣潮,漂泊者,3.2,主线间章,客服工单,账号异常登录提醒不够明显，希望能增加二次确认。,崩溃报错截图,anger,愤怒,0.79,anger,愤怒,0.69,anger,愤怒,0.76,客服求助,高,是,优先客服跟进；同步运营群；检查公告口径,需人工复核,文本情绪=愤怒(0.79); 图像线索=崩溃报错截图/愤怒(0.69); 融合结果=愤怒(0.76); 意图=客服求助; 风险=高
FB0062,2026-04-25 12:46:00,原神,旅行者,5.8,幻想境活动,B站评论,角色台词有几句重复触发太频繁，听久了有点出戏。,活动奖励截图,joy,喜悦,0.8,disgust,反感,0.66,joy,喜悦,0.75,角色厨力,低,否,记录样本；进入日报统计,内容反馈；可正向传播,文本情绪=喜悦(0.8); 图像线索=活动奖励截图/反感(0.66); 融合结果=喜悦(0.75); 意图=角色厨力; 风险=低
FB0063,2026-04-21 18:36:00,明日方舟,博士,2.6,SideStory活动,NGA论坛,希望官方正面回应争议点，不要只发模板话术。,崩溃报错截图,anger,愤怒,0.91,anger,愤怒,0.77,anger,愤怒,0.86,舆情投诉,严重,是,立即人工复核；升级舆情预警；准备补充公告/补偿评估,需人工复核,文本情绪=愤怒(0.91); 图像线索=崩溃报错截图/愤怒(0.77); 融合结果=愤怒(0.86); 意图=舆情投诉; 风险=严重
FB0064,2026-05-14 05:37:00,星穹铁道,开拓者,3.1,版本前瞻,TapTap,更新包太大了，能不能做分包下载。,活动奖励截图,sadness,失落,0.62,sadness,失落,0.87,sadness,失落,0.71,性能优化,中,是,生成角色化安抚回复；归入版本反馈池,体验问题,文本情绪=失落(0.62); 图像线索=活动奖励截图/失落(0.87); 融合结果=失落(0.71); 意图=性能优化; 风险=中
FB0065,2026-04-23 23:21:00,原神,旅行者,5.6,海灯节复刻,QQ群,攒了两个月终于抽到本命，角色演出太值了。,抽卡截图,joy,喜悦,0.73,trust,信任,0.89,trust,信任,0.79,抽卡/付费,中,是,生成角色化安抚回复；归入版本反馈池,商业化/补偿；可正向传播,文本情绪=喜悦(0.73); 图像线索=抽卡截图/信任(0.89); 融合结果=信任(0.79); 意图=抽卡/付费; 风险=中
FB0066,2026-04-25 21:14:00,星穹铁道,开拓者,3.1,活动商店,NGA论坛,公告说法太模糊，社区都吵起来了，建议尽快补充解释。,抽卡截图,sadness,失落,0.74,anger,愤怒,0.6,sadness,失落,0.69,舆情投诉,高,是,优先客服跟进；同步运营群；检查公告口径,需人工复核,文本情绪=失落(0.74); 图像线索=抽卡截图/愤怒(0.6); 融合结果=失落(0.69); 意图=舆情投诉; 风险=高
FB0067,2026-05-01 23:23:00,明日方舟,博士,2.4,集成战略,小红书,更新后进副本会卡在加载界面，重启也不稳定，希望尽快修。,崩溃报错截图,anger,愤怒,0.67,sadness,失落,0.45,anger,愤怒,0.59,BUG反馈,严重,是,立即人工复核；升级舆情预警；准备补充公告/补偿评估,体验问题；需人工复核,文本情绪=愤怒(0.67); 图像线索=崩溃报错截图/失落(0.45); 融合结果=愤怒(0.59); 意图=BUG反馈; 风险=严重
FB0068,2026-04-13 14:14:00,原神,旅行者,5.7,深境挑战,QQ群,客服和社区运营这次处理得很稳，值得夸。,角色立绘截图,joy,喜悦,0.68,disgust,反感,0.86,disgust,反感,0.74,正向安利,高,是,优先客服跟进；同步运营群；检查公告口径,需人工复核,文本情绪=喜悦(0.68); 图像线索=角色立绘截图/反感(0.86); 融合结果=反感(0.74); 意图=正向安利; 风险=高
FB0069,2026-04-22 17:29:00,鸣潮,漂泊者,3.2,声骸双倍,客服工单,文案里专有名词太密集，新玩家看得有点懵。,崩溃报错截图,neutral,中性,0.66,anger,愤怒,0.49,neutral,中性,0.6,剧情评价,低,否,记录样本；进入日报统计,内容反馈,文本情绪=中性(0.66); 图像线索=崩溃报错截图/愤怒(0.49); 融合结果=中性(0.6); 意图=剧情评价; 风险=低
FB0070,2026-04-05 13:58:00,明日方舟,博士,2.6,SideStory活动,B站评论,新角色人设太戳我了，战斗动作和待机语音都很有记忆点。,角色立绘截图,trust,信任,0.77,fear,担忧,0.7,fear,担忧,0.75,角色厨力,中,是,生成角色化安抚回复；归入版本反馈池,内容反馈,文本情绪=信任(0.77); 图像线索=角色立绘截图/担忧(0.7); 融合结果=担忧(0.75); 意图=角色厨力; 风险=中
FB0071,2026-04-27 17:50:00,鸣潮,漂泊者,2.6,共鸣者唤取,B站评论,高难关卡数值有点夸张，普通玩家很难拿满奖励。,战斗掉帧截图,sadness,失落,0.8,sadness,失落,0.52,sadness,失落,0.7,活动体验,中,是,生成角色化安抚回复；归入版本反馈池,常规反馈,文本情绪=失落(0.8); 图像线索=战斗掉帧截图/失落(0.52); 融合结果=失落(0.7); 意图=活动体验; 风险=中
FB0072,2026-04-15 09:16:00,星穹铁道,开拓者,3.3,跃迁卡池,小红书,武器池说明能不能写得更直白一点，概率和继承规则不够醒目。,角色立绘截图,surprise,惊讶,0.94,neutral,中性,0.81,surprise,惊讶,0.89,抽卡/付费,高,是,优先客服跟进；同步运营群；检查公告口径,商业化/补偿；需人工复核,文本情绪=惊讶(0.94); 图像线索=角色立绘截图/中性(0.81); 融合结果=惊讶(0.89); 意图=抽卡/付费; 风险=高
FB0073,2026-04-09 01:50:00,星穹铁道,开拓者,3.4,跃迁卡池,游戏内问卷,剧情节奏有点拖，前面铺垫太长，关键冲突反而一笔带过。,抽卡截图,sadness,失落,0.68,sadness,失落,0.73,sadness,失落,0.7,剧情评价,中,是,生成角色化安抚回复；归入版本反馈池,内容反馈,文本情绪=失落(0.68); 图像线索=抽卡截图/失落(0.73); 融合结果=失落(0.7); 意图=剧情评价; 风险=中
FB0074,2026-04-29 08:58:00,星穹铁道,开拓者,3.4,跃迁卡池,B站评论,维护补偿到账很快，这点好评。,活动奖励截图,surprise,惊讶,0.83,surprise,惊讶,0.72,surprise,惊讶,0.79,福利补偿,低,是,记录样本；进入日报统计,商业化/补偿,文本情绪=惊讶(0.83); 图像线索=活动奖励截图/惊讶(0.72); 融合结果=惊讶(0.79); 意图=福利补偿; 风险=低
FB0075,2026-04-21 09:56:00,原神,旅行者,5.6,角色祈愿,微博超话,移动端画面特效一多就掉帧，尤其是新地图传送点附近。,公告截图,disgust,反感,0.73,trust,信任,0.68,disgust,反感,0.71,BUG反馈,严重,是,立即人工复核；升级舆情预警；准备补充公告/补偿评估,体验问题；需人工复核,文本情绪=反感(0.73); 图像线索=公告截图/信任(0.68); 融合结果=反感(0.71); 意图=BUG反馈; 风险=严重
FB0076,2026-04-04 04:44:00,星穹铁道,开拓者,3.4,活动商店,小红书,文案里专有名词太密集，新玩家看得有点懵。,剧情CG截图,sadness,失落,0.75,anger,愤怒,0.91,anger,愤怒,0.81,剧情评价,高,是,优先客服跟进；同步运营群；检查公告口径,内容反馈；需人工复核,文本情绪=失落(0.75); 图像线索=剧情CG截图/愤怒(0.91); 融合结果=愤怒(0.81); 意图=剧情评价; 风险=高
FB0077,2026-04-17 13:07:00,明日方舟,博士,2.7,危机合约轮换,小红书,直播承诺和实装差距太大，这种落差很伤信任。,抽卡截图,neutral,中性,0.89,joy,喜悦,0.38,neutral,中性,0.71,舆情投诉,中,是,生成角色化安抚回复；归入版本反馈池,常规反馈,文本情绪=中性(0.89); 图像线索=抽卡截图/喜悦(0.38); 融合结果=中性(0.71); 意图=舆情投诉; 风险=中
FB0078,2026-04-19 01:37:00,明日方舟,博士,2.5,剿灭委托,微博超话,活动商店兑换材料丰富，肝度控制得不错。,公告截图,anger,愤怒,0.91,joy,喜悦,0.51,anger,愤怒,0.77,活动体验,高,是,优先客服跟进；同步运营群；检查公告口径,需人工复核,文本情绪=愤怒(0.91); 图像线索=公告截图/喜悦(0.51); 融合结果=愤怒(0.77); 意图=活动体验; 风险=高
FB0079,2026-04-12 14:00:00,鸣潮,漂泊者,2.6,共鸣者唤取,B站评论,这次礼包性价比还可以，但希望别把关键养成材料拆太碎。,公告截图,sadness,失落,0.88,sadness,失落,0.5,sadness,失落,0.75,抽卡/付费,高,是,优先客服跟进；同步运营群；检查公告口径,商业化/补偿；需人工复核,文本情绪=失落(0.88); 图像线索=公告截图/失落(0.5); 融合结果=失落(0.75); 意图=抽卡/付费; 风险=高
FB0080,2026-05-02 06:32:00,鸣潮,漂泊者,3.3,潮汐回响版本,QQ群,PC端帧数稳定了不少，但手机端发热还是明显。,剧情CG截图,neutral,中性,0.75,joy,喜悦,0.76,joy,喜悦,0.75,性能优化,低,否,记录样本；进入日报统计,体验问题；可正向传播,文本情绪=中性(0.75); 图像线索=剧情CG截图/喜悦(0.76); 融合结果=喜悦(0.75); 意图=性能优化; 风险=低
FB0081,2026-05-13 05:45:00,原神,旅行者,6.0,角色祈愿,微博超话,任务指引把我带到空气墙后面了，找了半小时都没触发。,抽卡截图,neutral,中性,0.61,neutral,中性,0.43,neutral,中性,0.55,BUG反馈,中,是,生成角色化安抚回复；归入版本反馈池,体验问题,文本情绪=中性(0.61); 图像线索=抽卡截图/中性(0.43); 融合结果=中性(0.55); 意图=BUG反馈; 风险=中
FB0082,2026-05-14 12:38:00,鸣潮,漂泊者,3.2,海蚀遗迹活动,QQ群,皮肤很漂亮，但价格略贵，特效如果再多一点会更愿意买。,抽卡截图,joy,喜悦,0.88,fear,担忧,0.6,joy,喜悦,0.78,角色厨力,低,是,记录样本；进入日报统计,内容反馈；可正向传播,文本情绪=喜悦(0.88); 图像线索=抽卡截图/担忧(0.6); 融合结果=喜悦(0.78); 意图=角色厨力; 风险=低
FB0083,2026-04-28 01:27:00,星穹铁道,开拓者,3.4,版本前瞻,微博超话,希望补偿规则透明一些，哪些情况能补、补多少要提前说清楚。,战斗掉帧截图,anger,愤怒,0.68,disgust,反感,0.39,anger,愤怒,0.58,福利补偿,高,是,优先客服跟进；同步运营群；检查公告口径,商业化/补偿；需人工复核,文本情绪=愤怒(0.68); 图像线索=战斗掉帧截图/反感(0.39); 融合结果=愤怒(0.58); 意图=福利补偿; 风险=高
FB0084,2026-04-06 11:37:00,原神,旅行者,5.8,月之歌版本,TapTap,文案里专有名词太密集，新玩家看得有点懵。,抽卡截图,trust,信任,0.79,trust,信任,0.85,trust,信任,0.81,剧情评价,低,是,记录样本；进入日报统计,内容反馈；可正向传播,文本情绪=信任(0.79); 图像线索=抽卡截图/信任(0.85); 融合结果=信任(0.81); 意图=剧情评价; 风险=低
FB0085,2026-04-14 13:42:00,明日方舟,博士,2.4,集成战略,NGA论坛,这版本福利和内容量都挺足，回坑体验不错。,公告截图,joy,喜悦,0.9,neutral,中性,0.42,joy,喜悦,0.73,正向安利,低,否,记录样本；进入日报统计,可正向传播,文本情绪=喜悦(0.9); 图像线索=公告截图/中性(0.42); 融合结果=喜悦(0.73); 意图=正向安利; 风险=低
FB0086,2026-04-16 18:17:00,鸣潮,漂泊者,3.2,主线间章,B站评论,PC端帧数稳定了不少，但手机端发热还是明显。,公告截图,neutral,中性,0.7,neutral,中性,0.45,neutral,中性,0.61,性能优化,低,是,记录样本；进入日报统计,体验问题,文本情绪=中性(0.7); 图像线索=公告截图/中性(0.45); 融合结果=中性(0.61); 意图=性能优化; 风险=低
FB0087,2026-05-03 11:26:00,星穹铁道,开拓者,3.1,模拟宇宙更新,NGA论坛,剧情节奏有点拖，前面铺垫太长，关键冲突反而一笔带过。,角色立绘截图,sadness,失落,0.64,anger,愤怒,0.85,anger,愤怒,0.71,剧情评价,高,是,优先客服跟进；同步运营群；检查公告口径,内容反馈；需人工复核,文本情绪=失落(0.64); 图像线索=角色立绘截图/愤怒(0.85); 融合结果=愤怒(0.71); 意图=剧情评价; 风险=高
FB0088,2026-05-07 13:31:00,鸣潮,漂泊者,3.2,潮汐回响版本,QQ群,限定池保底压力太大，连续歪真的心态爆炸。,剧情CG截图,joy,喜悦,0.74,anger,愤怒,0.55,joy,喜悦,0.67,抽卡/付费,中,是,生成角色化安抚回复；归入版本反馈池,商业化/补偿；可正向传播,文本情绪=喜悦(0.74); 图像线索=剧情CG截图/愤怒(0.55); 融合结果=喜悦(0.67); 意图=抽卡/付费; 风险=中
FB0089,2026-04-20 04:25:00,原神,旅行者,5.8,深境挑战,B站评论,角色台词有几句重复触发太频繁，听久了有点出戏。,剧情CG截图,neutral,中性,0.6,neutral,中性,0.47,neutral,中性,0.55,角色厨力,低,是,记录样本；进入日报统计,内容反馈,文本情绪=中性(0.6); 图像线索=剧情CG截图/中性(0.47); 融合结果=中性(0.55); 意图=角色厨力; 风险=低
FB0090,2026-05-08 02:11:00,明日方舟,博士,2.4,危机合约轮换,QQ群,皮肤很漂亮，但价格略贵，特效如果再多一点会更愿意买。,剧情CG截图,joy,喜悦,0.78,joy,喜悦,0.83,joy,喜悦,0.8,角色厨力,低,是,记录样本；进入日报统计,内容反馈；可正向传播,文本情绪=喜悦(0.78); 图像线索=剧情CG截图/喜悦(0.83); 融合结果=喜悦(0.8); 意图=角色厨力; 风险=低
FB0091,2026-04-28 02:36:00,星穹铁道,开拓者,3.4,模拟宇宙更新,微博超话,任务指引把我带到空气墙后面了，找了半小时都没触发。,崩溃报错截图,anger,愤怒,0.73,anger,愤怒,0.58,anger,愤怒,0.68,BUG反馈,严重,是,立即人工复核；升级舆情预警；准备补充公告/补偿评估,体验问题；需人工复核,文本情绪=愤怒(0.73); 图像线索=崩溃报错截图/愤怒(0.58); 融合结果=愤怒(0.68); 意图=BUG反馈; 风险=严重
FB0092,2026-04-10 09:15:00,明日方舟,博士,2.4,集成战略,客服工单,攒了两个月终于抽到本命，角色演出太值了。,抽卡截图,sadness,失落,0.73,sadness,失落,0.53,sadness,失落,0.66,抽卡/付费,高,是,优先客服跟进；同步运营群；检查公告口径,商业化/补偿；需人工复核,文本情绪=失落(0.73); 图像线索=抽卡截图/失落(0.53); 融合结果=失落(0.66); 意图=抽卡/付费; 风险=高
FB0093,2026-05-14 21:12:00,明日方舟,博士,2.4,限定寻访,微博超话,高难关卡数值有点夸张，普通玩家很难拿满奖励。,战斗掉帧截图,trust,信任,0.71,trust,信任,0.43,trust,信任,0.61,活动体验,低,是,记录样本；进入日报统计,可正向传播,文本情绪=信任(0.71); 图像线索=战斗掉帧截图/信任(0.43); 融合结果=信任(0.61); 意图=活动体验; 风险=低
FB0094,2026-05-10 23:48:00,鸣潮,漂泊者,3.0,潮汐回响版本,QQ群,新活动氛围很好，截图随便拍都能当壁纸。,公告截图,trust,信任,0.8,neutral,中性,0.44,trust,信任,0.67,正向安利,低,是,记录样本；进入日报统计,可正向传播,文本情绪=信任(0.8); 图像线索=公告截图/中性(0.44); 融合结果=信任(0.67); 意图=正向安利; 风险=低
FB0095,2026-05-14 16:04:00,星穹铁道,开拓者,3.1,同行任务,游戏内问卷,账号异常登录提醒不够明显，希望能增加二次确认。,无图,sadness,失落,0.75,,,0.0,sadness,失落,0.75,客服求助,中,是,生成角色化安抚回复；归入版本反馈池,常规反馈,文本情绪=失落(0.75); 图像线索=无图/中性(0.0); 融合结果=失落(0.75); 意图=客服求助; 风险=中
FB0096,2026-04-04 21:28:00,明日方舟,博士,2.7,剿灭委托,QQ群,这次主线后半段演出很燃，角色的选择也有说服力，想继续追。,剧情CG截图,trust,信任,0.8,trust,信任,0.62,trust,信任,0.74,剧情评价,低,是,记录样本；进入日报统计,内容反馈；可正向传播,文本情绪=信任(0.8); 图像线索=剧情CG截图/信任(0.62); 融合结果=信任(0.74); 意图=剧情评价; 风险=低
FB0097,2026-04-04 17:15:00,原神,旅行者,5.6,幻想境活动,TapTap,提交工单三天还没回复，活动都快结束了。,战斗掉帧截图,neutral,中性,0.96,neutral,中性,0.87,neutral,中性,0.93,客服求助,中,是,生成角色化安抚回复；归入版本反馈池,常规反馈,文本情绪=中性(0.96); 图像线索=战斗掉帧截图/中性(0.87); 融合结果=中性(0.93); 意图=客服求助; 风险=中
FB0098,2026-04-09 10:35:00,星穹铁道,开拓者,3.1,同行任务,游戏内问卷,维护补偿到账很快，这点好评。,战斗掉帧截图,neutral,中性,0.69,neutral,中性,0.68,neutral,中性,0.69,福利补偿,低,否,记录样本；进入日报统计,商业化/补偿,文本情绪=中性(0.69); 图像线索=战斗掉帧截图/中性(0.68); 融合结果=中性(0.69); 意图=福利补偿; 风险=低
FB0099,2026-05-03 12:41:00,明日方舟,博士,2.4,剿灭委托,小红书,更新包太大了，能不能做分包下载。,抽卡截图,neutral,中性,0.89,trust,信任,0.64,neutral,中性,0.8,性能优化,低,是,记录样本；进入日报统计,体验问题,文本情绪=中性(0.89); 图像线索=抽卡截图/信任(0.64); 融合结果=中性(0.8); 意图=性能优化; 风险=低
FB0100,2026-04-17 18:14:00,明日方舟,博士,2.6,限定寻访,QQ群,角色强度和剧情表现差距有点大，希望后续能加强。,角色立绘截图,neutral,中性,0.64,anger,愤怒,0.64,neutral,中性,0.64,角色厨力,低,否,记录样本；进入日报统计,内容反馈,文本情绪=中性(0.64); 图像线索=角色立绘截图/愤怒(0.64); 融合结果=中性(0.64); 意图=角色厨力; 风险=低
FB0101,2026-04-15 12:46:00,鸣潮,漂泊者,3.0,共鸣者唤取,TapTap,客服和社区运营这次处理得很稳，值得夸。,剧情CG截图,joy,喜悦,0.74,surprise,惊讶,0.78,surprise,惊讶,0.75,正向安利,低,是,记录样本；进入日报统计,常规反馈,文本情绪=喜悦(0.74); 图像线索=剧情CG截图/惊讶(0.78); 融合结果=惊讶(0.75); 意图=正向安利; 风险=低
FB0102,2026-05-10 18:49:00,鸣潮,漂泊者,3.2,共鸣者唤取,QQ群,角色台词有几句重复触发太频繁，听久了有点出戏。,崩溃报错截图,joy,喜悦,0.73,fear,担忧,0.81,joy,喜悦,0.76,角色厨力,低,否,记录样本；进入日报统计,内容反馈；可正向传播,文本情绪=喜悦(0.73); 图像线索=崩溃报错截图/担忧(0.81); 融合结果=喜悦(0.76); 意图=角色厨力; 风险=低
FB0103,2026-04-25 16:05:00,原神,旅行者,5.6,深境挑战,微博超话,账号异常登录提醒不够明显，希望能增加二次确认。,战斗掉帧截图,neutral,中性,0.68,anger,愤怒,0.89,anger,愤怒,0.75,客服求助,高,是,优先客服跟进；同步运营群；检查公告口径,需人工复核,文本情绪=中性(0.68); 图像线索=战斗掉帧截图/愤怒(0.89); 融合结果=愤怒(0.75); 意图=客服求助; 风险=高
FB0104,2026-05-05 04:32:00,鸣潮,漂泊者,3.3,潮汐回响版本,B站评论,账号异常登录提醒不够明显，希望能增加二次确认。,抽卡截图,sadness,失落,0.73,sadness,失落,0.37,sadness,失落,0.6,客服求助,中,是,生成角色化安抚回复；归入版本反馈池,常规反馈,文本情绪=失落(0.73); 图像线索=抽卡截图/失落(0.37); 融合结果=失落(0.6); 意图=客服求助; 风险=中
FB0105,2026-05-11 16:44:00,原神,旅行者,5.6,海灯节复刻,小红书,这次事故影响挺大，只给常规补偿感觉不太够。,活动奖励截图,neutral,中性,0.87,neutral,中性,0.35,neutral,中性,0.69,福利补偿,低,是,记录样本；进入日报统计,商业化/补偿,文本情绪=中性(0.87); 图像线索=活动奖励截图/中性(0.35); 融合结果=中性(0.69); 意图=福利补偿; 风险=低
FB0106,2026-04-25 23:15:00,原神,旅行者,6.0,海灯节复刻,微博超话,角色强度和剧情表现差距有点大，希望后续能加强。,崩溃报错截图,joy,喜悦,0.6,disgust,反感,0.39,joy,喜悦,0.53,角色厨力,低,否,记录样本；进入日报统计,内容反馈；可正向传播,文本情绪=喜悦(0.6); 图像线索=崩溃报错截图/反感(0.39); 融合结果=喜悦(0.53); 意图=角色厨力; 风险=低
FB0107,2026-04-01 12:39:00,原神,旅行者,5.8,海灯节复刻,客服工单,角色调整没有提前沟通，老玩家会觉得被背刺。,战斗掉帧截图,anger,愤怒,0.8,anger,愤怒,0.65,anger,愤怒,0.75,舆情投诉,严重,是,立即人工复核；升级舆情预警；准备补充公告/补偿评估,需人工复核,文本情绪=愤怒(0.8); 图像线索=战斗掉帧截图/愤怒(0.65); 融合结果=愤怒(0.75); 意图=舆情投诉; 风险=严重
FB0108,2026-05-04 09:23:00,明日方舟,博士,2.7,SideStory活动,B站评论,这次主线后半段演出很燃，角色的选择也有说服力，想继续追。,抽卡截图,anger,愤怒,0.59,anger,愤怒,0.77,anger,愤怒,0.65,剧情评价,高,是,优先客服跟进；同步运营群；检查公告口径,内容反馈；需人工复核,文本情绪=愤怒(0.59); 图像线索=抽卡截图/愤怒(0.77); 融合结果=愤怒(0.65); 意图=剧情评价; 风险=高
FB0109,2026-04-30 06:52:00,原神,旅行者,5.6,海灯节复刻,游戏内问卷,这版本福利和内容量都挺足，回坑体验不错。,活动奖励截图,trust,信任,0.9,disgust,反感,0.71,trust,信任,0.83,正向安利,中,是,生成角色化安抚回复；归入版本反馈池,可正向传播,文本情绪=信任(0.9); 图像线索=活动奖励截图/反感(0.71); 融合结果=信任(0.83); 意图=正向安利; 风险=中
FB0110,2026-04-05 02:50:00,鸣潮,漂泊者,3.2,潮汐回响版本,NGA论坛,文案里专有名词太密集，新玩家看得有点懵。,角色立绘截图,anger,愤怒,0.6,anger,愤怒,0.91,anger,愤怒,0.71,剧情评价,高,是,优先客服跟进；同步运营群；检查公告口径,内容反馈；需人工复核,文本情绪=愤怒(0.6); 图像线索=角色立绘截图/愤怒(0.91); 融合结果=愤怒(0.71); 意图=剧情评价; 风险=高
FB0111,2026-04-05 10:55:00,星穹铁道,开拓者,3.3,跃迁卡池,游戏内问卷,新角色人设太戳我了，战斗动作和待机语音都很有记忆点。,公告截图,trust,信任,0.68,trust,信任,0.58,trust,信任,0.65,角色厨力,低,否,记录样本；进入日报统计,内容反馈；可正向传播,文本情绪=信任(0.68); 图像线索=公告截图/信任(0.58); 融合结果=信任(0.65); 意图=角色厨力; 风险=低
FB0112,2026-04-08 10:46:00,明日方舟,博士,2.6,SideStory活动,小红书,攒了两个月终于抽到本命，角色演出太值了。,战斗掉帧截图,sadness,失落,0.74,sadness,失落,0.53,sadness,失落,0.67,抽卡/付费,高,是,优先客服跟进；同步运营群；检查公告口径,商业化/补偿；需人工复核,文本情绪=失落(0.74); 图像线索=战斗掉帧截图/失落(0.53); 融合结果=失落(0.67); 意图=抽卡/付费; 风险=高
FB0113,2026-04-15 14:44:00,原神,旅行者,6.0,幻想境活动,客服工单,邮件有效期太短，错过上线就领不到，有点难受。,公告截图,sadness,失落,0.75,trust,信任,0.51,sadness,失落,0.67,福利补偿,中,是,生成角色化安抚回复；归入版本反馈池,商业化/补偿,文本情绪=失落(0.75); 图像线索=公告截图/信任(0.51); 融合结果=失落(0.67); 意图=福利补偿; 风险=中
FB0114,2026-04-13 13:54:00,原神,旅行者,5.7,幻想境活动,B站评论,文案里专有名词太密集，新玩家看得有点懵。,无图,surprise,惊讶,0.88,,,0.0,surprise,惊讶,0.88,剧情评价,中,是,生成角色化安抚回复；归入版本反馈池,内容反馈,文本情绪=惊讶(0.88); 图像线索=无图/失落(0.0); 融合结果=惊讶(0.88); 意图=剧情评价; 风险=中
FB0115,2026-04-14 11:43:00,原神,旅行者,6.0,幻想境活动,B站评论,高难关卡数值有点夸张，普通玩家很难拿满奖励。,活动奖励截图,sadness,失落,0.72,sadness,失落,0.65,sadness,失落,0.7,活动体验,中,是,生成角色化安抚回复；归入版本反馈池,常规反馈,文本情绪=失落(0.72); 图像线索=活动奖励截图/失落(0.65); 融合结果=失落(0.7); 意图=活动体验; 风险=中
FB0116,2026-05-13 23:33:00,明日方舟,博士,2.4,危机合约轮换,TapTap,角色强度和剧情表现差距有点大，希望后续能加强。,角色立绘截图,joy,喜悦,0.79,disgust,反感,0.47,joy,喜悦,0.68,角色厨力,低,否,记录样本；进入日报统计,内容反馈；可正向传播,文本情绪=喜悦(0.79); 图像线索=角色立绘截图/反感(0.47); 融合结果=喜悦(0.68); 意图=角色厨力; 风险=低
FB0117,2026-04-16 02:57:00,星穹铁道,开拓者,3.1,跃迁卡池,QQ群,活动小游戏挺有创意，但每日任务重复度太高。,公告截图,neutral,中性,0.96,anger,愤怒,0.66,neutral,中性,0.85,活动体验,中,是,生成角色化安抚回复；归入版本反馈池,常规反馈,文本情绪=中性(0.96); 图像线索=公告截图/愤怒(0.66); 融合结果=中性(0.85); 意图=活动体验; 风险=中
FB0118,2026-04-11 17:12:00,明日方舟,博士,2.6,限定寻访,NGA论坛,角色强度和剧情表现差距有点大，希望后续能加强。,活动奖励截图,surprise,惊讶,0.67,surprise,惊讶,0.67,surprise,惊讶,0.67,角色厨力,低,否,记录样本；进入日报统计,内容反馈,文本情绪=惊讶(0.67); 图像线索=活动奖励截图/惊讶(0.67); 融合结果=惊讶(0.67); 意图=角色厨力; 风险=低
FB0119,2026-05-12 05:33:00,鸣潮,漂泊者,3.2,潮汐回响版本,客服工单,美术、音乐和角色塑造都在线，适合喜欢剧情向二游的玩家。,抽卡截图,joy,喜悦,0.74,joy,喜悦,0.53,joy,喜悦,0.67,正向安利,低,是,记录样本；进入日报统计,可正向传播,文本情绪=喜悦(0.74); 图像线索=抽卡截图/喜悦(0.53); 融合结果=喜悦(0.67); 意图=正向安利; 风险=低
FB0120,2026-05-08 07:32:00,星穹铁道,开拓者,3.2,跃迁卡池,TapTap,账号异常登录提醒不够明显，希望能增加二次确认。,抽卡截图,trust,信任,0.6,trust,信任,0.52,trust,信任,0.57,客服求助,低,是,记录样本；进入日报统计,可正向传播,文本情绪=信任(0.6); 图像线索=抽卡截图/信任(0.52); 融合结果=信任(0.57); 意图=客服求助; 风险=低
FB0121,2026-04-22 18:12:00,明日方舟,博士,2.6,剿灭委托,微博超话,高难关卡数值有点夸张，普通玩家很难拿满奖励。,战斗掉帧截图,surprise,惊讶,0.79,anger,愤怒,0.64,surprise,惊讶,0.74,活动体验,低,是,记录样本；进入日报统计,常规反馈,文本情绪=惊讶(0.79); 图像线索=战斗掉帧截图/愤怒(0.64); 融合结果=惊讶(0.74); 意图=活动体验; 风险=低
FB0122,2026-04-08 07:02:00,鸣潮,漂泊者,2.6,主线间章,B站评论,这次礼包性价比还可以，但希望别把关键养成材料拆太碎。,角色立绘截图,surprise,惊讶,0.87,trust,信任,0.7,surprise,惊讶,0.81,抽卡/付费,中,是,生成角色化安抚回复；归入版本反馈池,商业化/补偿,文本情绪=惊讶(0.87); 图像线索=角色立绘截图/信任(0.7); 融合结果=惊讶(0.81); 意图=抽卡/付费; 风险=中
FB0123,2026-05-06 00:19:00,原神,旅行者,6.0,幻想境活动,NGA论坛,账号异常登录提醒不够明显，希望能增加二次确认。,战斗掉帧截图,sadness,失落,0.84,sadness,失落,0.63,sadness,失落,0.77,客服求助,中,是,生成角色化安抚回复；归入版本反馈池,常规反馈,文本情绪=失落(0.84); 图像线索=战斗掉帧截图/失落(0.63); 融合结果=失落(0.77); 意图=客服求助; 风险=中
FB0124,2026-05-05 09:08:00,鸣潮,漂泊者,3.2,声骸双倍,游戏内问卷,这次事故影响挺大，只给常规补偿感觉不太够。,抽卡截图,neutral,中性,0.78,neutral,中性,0.62,neutral,中性,0.72,福利补偿,低,否,记录样本；进入日报统计,商业化/补偿,文本情绪=中性(0.78); 图像线索=抽卡截图/中性(0.62); 融合结果=中性(0.72); 意图=福利补偿; 风险=低
FB0125,2026-05-04 03:55:00,星穹铁道,开拓者,3.1,模拟宇宙更新,小红书,活动商店兑换材料丰富，肝度控制得不错。,战斗掉帧截图,surprise,惊讶,0.67,neutral,中性,0.46,surprise,惊讶,0.6,活动体验,低,是,记录样本；进入日报统计,常规反馈,文本情绪=惊讶(0.67); 图像线索=战斗掉帧截图/中性(0.46); 融合结果=惊讶(0.6); 意图=活动体验; 风险=低
FB0126,2026-04-03 08:05:00,星穹铁道,开拓者,3.3,版本前瞻,QQ群,希望官方正面回应争议点，不要只发模板话术。,剧情CG截图,neutral,中性,0.77,neutral,中性,0.55,neutral,中性,0.69,舆情投诉,中,是,生成角色化安抚回复；归入版本反馈池,常规反馈,文本情绪=中性(0.77); 图像线索=剧情CG截图/中性(0.55); 融合结果=中性(0.69); 意图=舆情投诉; 风险=中
FB0127,2026-04-02 01:54:00,原神,旅行者,6.0,深境挑战,小红书,角色台词有几句重复触发太频繁，听久了有点出戏。,角色立绘截图,joy,喜悦,0.63,trust,信任,0.56,trust,信任,0.61,角色厨力,低,是,记录样本；进入日报统计,内容反馈；可正向传播,文本情绪=喜悦(0.63); 图像线索=角色立绘截图/信任(0.56); 融合结果=信任(0.61); 意图=角色厨力; 风险=低
FB0128,2026-04-25 05:52:00,鸣潮,漂泊者,3.3,潮汐回响版本,QQ群,邮件有效期太短，错过上线就领不到，有点难受。,抽卡截图,disgust,反感,0.84,disgust,反感,0.41,disgust,反感,0.69,福利补偿,高,是,优先客服跟进；同步运营群；检查公告口径,商业化/补偿；需人工复核,文本情绪=反感(0.84); 图像线索=抽卡截图/反感(0.41); 融合结果=反感(0.69); 意图=福利补偿; 风险=高
FB0129,2026-05-14 01:02:00,明日方舟,博士,2.5,限定寻访,客服工单,邮件有效期太短，错过上线就领不到，有点难受。,公告截图,joy,喜悦,0.63,disgust,反感,0.43,joy,喜悦,0.56,福利补偿,低,是,记录样本；进入日报统计,商业化/补偿；可正向传播,文本情绪=喜悦(0.63); 图像线索=公告截图/反感(0.43); 融合结果=喜悦(0.56); 意图=福利补偿; 风险=低
FB0130,2026-04-30 01:32:00,明日方舟,博士,2.7,限定寻访,小红书,这版本福利和内容量都挺足，回坑体验不错。,角色立绘截图,surprise,惊讶,0.78,surprise,惊讶,0.36,surprise,惊讶,0.63,正向安利,低,否,记录样本；进入日报统计,常规反馈,文本情绪=惊讶(0.78); 图像线索=角色立绘截图/惊讶(0.36); 融合结果=惊讶(0.63); 意图=正向安利; 风险=低
FB0131,2026-04-20 19:46:00,原神,旅行者,6.0,月之歌版本,小红书,过场动画加载变快了，体验比上个版本好。,崩溃报错截图,anger,愤怒,0.76,anger,愤怒,0.74,anger,愤怒,0.75,性能优化,高,是,优先客服跟进；同步运营群；检查公告口径,体验问题；需人工复核,文本情绪=愤怒(0.76); 图像线索=崩溃报错截图/愤怒(0.74); 融合结果=愤怒(0.75); 意图=性能优化; 风险=高
FB0132,2026-04-14 07:26:00,原神,旅行者,5.8,角色祈愿,客服工单,活动小游戏挺有创意，但每日任务重复度太高。,活动奖励截图,neutral,中性,0.74,joy,喜悦,0.75,neutral,中性,0.74,活动体验,低,否,记录样本；进入日报统计,常规反馈,文本情绪=中性(0.74); 图像线索=活动奖励截图/喜悦(0.75); 融合结果=中性(0.74); 意图=活动体验; 风险=低
FB0133,2026-04-30 14:34:00,星穹铁道,开拓者,3.2,同行任务,QQ群,希望官方正面回应争议点，不要只发模板话术。,角色立绘截图,anger,愤怒,0.87,fear,担忧,0.9,fear,担忧,0.88,舆情投诉,严重,是,立即人工复核；升级舆情预警；准备补充公告/补偿评估,需人工复核,文本情绪=愤怒(0.87); 图像线索=角色立绘截图/担忧(0.9); 融合结果=担忧(0.88); 意图=舆情投诉; 风险=严重
FB0134,2026-04-28 10:30:00,明日方舟,博士,2.5,集成战略,QQ群,高难关卡数值有点夸张，普通玩家很难拿满奖励。,角色立绘截图,anger,愤怒,0.93,anger,愤怒,0.68,anger,愤怒,0.84,活动体验,严重,是,立即人工复核；升级舆情预警；准备补充公告/补偿评估,需人工复核,文本情绪=愤怒(0.93); 图像线索=角色立绘截图/愤怒(0.68); 融合结果=愤怒(0.84); 意图=活动体验; 风险=严重
FB0135,2026-04-25 22:45:00,星穹铁道,开拓者,3.3,跃迁卡池,B站评论,过场动画加载变快了，体验比上个版本好。,角色立绘截图,anger,愤怒,0.93,fear,担忧,0.47,anger,愤怒,0.77,性能优化,高,是,优先客服跟进；同步运营群；检查公告口径,体验问题；需人工复核,文本情绪=愤怒(0.93); 图像线索=角色立绘截图/担忧(0.47); 融合结果=愤怒(0.77); 意图=性能优化; 风险=高
FB0136,2026-04-22 01:03:00,明日方舟,博士,2.4,限定寻访,NGA论坛,直播承诺和实装差距太大，这种落差很伤信任。,剧情CG截图,sadness,失落,0.78,sadness,失落,0.59,sadness,失落,0.71,舆情投诉,高,是,优先客服跟进；同步运营群；检查公告口径,需人工复核,文本情绪=失落(0.78); 图像线索=剧情CG截图/失落(0.59); 融合结果=失落(0.71); 意图=舆情投诉; 风险=高
FB0137,2026-05-11 23:30:00,星穹铁道,开拓者,3.2,模拟宇宙更新,客服工单,剧情节奏有点拖，前面铺垫太长，关键冲突反而一笔带过。,角色立绘截图,surprise,惊讶,0.87,surprise,惊讶,0.72,surprise,惊讶,0.82,剧情评价,低,是,记录样本；进入日报统计,内容反馈,文本情绪=惊讶(0.87); 图像线索=角色立绘截图/惊讶(0.72); 融合结果=惊讶(0.82); 意图=剧情评价; 风险=低
FB0138,2026-04-04 11:53:00,鸣潮,漂泊者,3.3,共鸣者唤取,TapTap,公告说法太模糊，社区都吵起来了，建议尽快补充解释。,角色立绘截图,anger,愤怒,0.77,joy,喜悦,0.52,anger,愤怒,0.68,舆情投诉,严重,是,立即人工复核；升级舆情预警；准备补充公告/补偿评估,需人工复核,文本情绪=愤怒(0.77); 图像线索=角色立绘截图/喜悦(0.52); 融合结果=愤怒(0.68); 意图=舆情投诉; 风险=严重
FB0139,2026-05-14 09:29:00,原神,旅行者,6.0,角色祈愿,TapTap,邮件有效期太短，错过上线就领不到，有点难受。,公告截图,anger,愤怒,0.89,anger,愤怒,0.61,anger,愤怒,0.79,福利补偿,高,是,优先客服跟进；同步运营群；检查公告口径,商业化/补偿；需人工复核,文本情绪=愤怒(0.89); 图像线索=公告截图/愤怒(0.61); 融合结果=愤怒(0.79); 意图=福利补偿; 风险=高
FB0140,2026-04-16 08:39:00,明日方舟,博士,2.6,集成战略,NGA论坛,限定池保底压力太大，连续歪真的心态爆炸。,崩溃报错截图,neutral,中性,0.92,neutral,中性,0.4,neutral,中性,0.74,抽卡/付费,中,是,生成角色化安抚回复；归入版本反馈池,商业化/补偿,文本情绪=中性(0.92); 图像线索=崩溃报错截图/中性(0.4); 融合结果=中性(0.74); 意图=抽卡/付费; 风险=中
FB0141,2026-04-01 22:16:00,原神,旅行者,5.8,角色祈愿,NGA论坛,武器池说明能不能写得更直白一点，概率和继承规则不够醒目。,角色立绘截图,sadness,失落,0.75,surprise,惊讶,0.68,sadness,失落,0.73,抽卡/付费,高,是,优先客服跟进；同步运营群；检查公告口径,商业化/补偿；需人工复核,文本情绪=失落(0.75); 图像线索=角色立绘截图/惊讶(0.68); 融合结果=失落(0.73); 意图=抽卡/付费; 风险=高
FB0142,2026-04-27 13:10:00,明日方舟,博士,2.4,危机合约轮换,QQ群,这次事故影响挺大，只给常规补偿感觉不太够。,角色立绘截图,sadness,失落,0.77,surprise,惊讶,0.56,sadness,失落,0.7,福利补偿,中,是,生成角色化安抚回复；归入版本反馈池,商业化/补偿,文本情绪=失落(0.77); 图像线索=角色立绘截图/惊讶(0.56); 融合结果=失落(0.7); 意图=福利补偿; 风险=中
FB0143,2026-05-03 06:26:00,鸣潮,漂泊者,3.0,海蚀遗迹活动,QQ群,活动商店兑换材料丰富，肝度控制得不错。,剧情CG截图,neutral,中性,0.93,anger,愤怒,0.65,neutral,中性,0.83,活动体验,中,是,生成角色化安抚回复；归入版本反馈池,常规反馈,文本情绪=中性(0.93); 图像线索=剧情CG截图/愤怒(0.65); 融合结果=中性(0.83); 意图=活动体验; 风险=中
FB0144,2026-04-15 09:20:00,明日方舟,博士,2.5,危机合约轮换,TapTap,这次主线后半段演出很燃，角色的选择也有说服力，想继续追。,剧情CG截图,neutral,中性,0.75,disgust,反感,0.4,neutral,中性,0.63,剧情评价,低,否,记录样本；进入日报统计,内容反馈,文本情绪=中性(0.75); 图像线索=剧情CG截图/反感(0.4); 融合结果=中性(0.63); 意图=剧情评价; 风险=低
FB0145,2026-04-06 07:35:00,原神,旅行者,6.0,深境挑战,QQ群,客服回复很快，也帮我找回了误删邮件，感谢。,无图,sadness,失落,0.89,,,0.0,sadness,失落,0.89,客服求助,高,是,优先客服跟进；同步运营群；检查公告口径,需人工复核,文本情绪=失落(0.89); 图像线索=无图/信任(0.0); 融合结果=失落(0.89); 意图=客服求助; 风险=高
FB0146,2026-05-07 12:22:00,明日方舟,博士,2.4,剿灭委托,B站评论,今天打活动关突然闪退两次，体力扣了但奖励没结算。,无图,sadness,失落,0.79,,,0.0,sadness,失落,0.79,BUG反馈,高,是,优先客服跟进；同步运营群；检查公告口径,体验问题；需人工复核,文本情绪=失落(0.79); 图像线索=无图/愤怒(0.0); 融合结果=失落(0.79); 意图=BUG反馈; 风险=高
FB0147,2026-05-07 05:23:00,星穹铁道,开拓者,3.2,版本前瞻,TapTap,移动端画面特效一多就掉帧，尤其是新地图传送点附近。,崩溃报错截图,neutral,中性,0.73,neutral,中性,0.74,neutral,中性,0.73,BUG反馈,中,是,生成角色化安抚回复；归入版本反馈池,体验问题,文本情绪=中性(0.73); 图像线索=崩溃报错截图/中性(0.74); 融合结果=中性(0.73); 意图=BUG反馈; 风险=中
FB0148,2026-04-20 09:53:00,明日方舟,博士,2.7,剿灭委托,TapTap,剧情节奏有点拖，前面铺垫太长，关键冲突反而一笔带过。,角色立绘截图,joy,喜悦,0.59,joy,喜悦,0.76,joy,喜悦,0.65,剧情评价,低,否,记录样本；进入日报统计,内容反馈；可正向传播,文本情绪=喜悦(0.59); 图像线索=角色立绘截图/喜悦(0.76); 融合结果=喜悦(0.65); 意图=剧情评价; 风险=低
FB0149,2026-04-24 21:12:00,星穹铁道,开拓者,3.3,版本前瞻,TapTap,活动商店兑换材料丰富，肝度控制得不错。,抽卡截图,trust,信任,0.86,trust,信任,0.73,trust,信任,0.81,活动体验,低,是,记录样本；进入日报统计,可正向传播,文本情绪=信任(0.86); 图像线索=抽卡截图/信任(0.73); 融合结果=信任(0.81); 意图=活动体验; 风险=低
FB0150,2026-04-05 12:15:00,鸣潮,漂泊者,2.6,潮汐回响版本,QQ群,活动小游戏挺有创意，但每日任务重复度太高。,剧情CG截图,neutral,中性,0.73,neutral,中性,0.78,neutral,中性,0.75,活动体验,低,是,记录样本；进入日报统计,常规反馈,文本情绪=中性(0.73); 图像线索=剧情CG截图/中性(0.78); 融合结果=中性(0.75); 意图=活动体验; 风险=低
FB0151,2026-04-27 03:56:00,明日方舟,博士,2.6,剿灭委托,NGA论坛,高难关卡数值有点夸张，普通玩家很难拿满奖励。,剧情CG截图,joy,喜悦,0.83,joy,喜悦,0.51,joy,喜悦,0.72,活动体验,低,是,记录样本；进入日报统计,可正向传播,文本情绪=喜悦(0.83); 图像线索=剧情CG截图/喜悦(0.51); 融合结果=喜悦(0.72); 意图=活动体验; 风险=低
FB0152,2026-05-16 03:20:00,星穹铁道,开拓者,3.3,模拟宇宙更新,客服工单,希望官方正面回应争议点，不要只发模板话术。,角色立绘截图,sadness,失落,0.74,sadness,失落,0.78,sadness,失落,0.75,舆情投诉,高,是,优先客服跟进；同步运营群；检查公告口径,需人工复核,文本情绪=失落(0.74); 图像线索=角色立绘截图/失落(0.78); 融合结果=失落(0.75); 意图=舆情投诉; 风险=高
FB0153,2026-05-06 14:26:00,鸣潮,漂泊者,3.3,共鸣者唤取,B站评论,高难关卡数值有点夸张，普通玩家很难拿满奖励。,剧情CG截图,surprise,惊讶,0.63,surprise,惊讶,0.54,surprise,惊讶,0.6,活动体验,低,否,记录样本；进入日报统计,常规反馈,文本情绪=惊讶(0.63); 图像线索=剧情CG截图/惊讶(0.54); 融合结果=惊讶(0.6); 意图=活动体验; 风险=低
FB0154,2026-04-04 17:55:00,明日方舟,博士,2.6,危机合约轮换,客服工单,剧情节奏有点拖，前面铺垫太长，关键冲突反而一笔带过。,剧情CG截图,joy,喜悦,0.89,joy,喜悦,0.85,joy,喜悦,0.88,剧情评价,中,是,生成角色化安抚回复；归入版本反馈池,内容反馈；可正向传播,文本情绪=喜悦(0.89); 图像线索=剧情CG截图/喜悦(0.85); 融合结果=喜悦(0.88); 意图=剧情评价; 风险=中
FB0155,2026-04-22 01:44:00,明日方舟,博士,2.4,限定寻访,QQ群,今天打活动关突然闪退两次，体力扣了但奖励没结算。,剧情CG截图,disgust,反感,0.66,surprise,惊讶,0.57,surprise,惊讶,0.63,BUG反馈,中,是,生成角色化安抚回复；归入版本反馈池,体验问题,文本情绪=反感(0.66); 图像线索=剧情CG截图/惊讶(0.57); 融合结果=惊讶(0.63); 意图=BUG反馈; 风险=中
FB0156,2026-04-09 18:51:00,明日方舟,博士,2.7,剿灭委托,QQ群,皮肤很漂亮，但价格略贵，特效如果再多一点会更愿意买。,公告截图,neutral,中性,0.76,neutral,中性,0.53,neutral,中性,0.68,角色厨力,低,是,记录样本；进入日报统计,内容反馈,文本情绪=中性(0.76); 图像线索=公告截图/中性(0.53); 融合结果=中性(0.68); 意图=角色厨力; 风险=低
FB0157,2026-04-14 09:12:00,鸣潮,漂泊者,3.3,声骸双倍,小红书,限定池保底压力太大，连续歪真的心态爆炸。,剧情CG截图,sadness,失落,0.72,sadness,失落,0.72,sadness,失落,0.72,抽卡/付费,高,是,优先客服跟进；同步运营群；检查公告口径,商业化/补偿；需人工复核,文本情绪=失落(0.72); 图像线索=剧情CG截图/失落(0.72); 融合结果=失落(0.72); 意图=抽卡/付费; 风险=高
FB0158,2026-04-15 19:08:00,明日方舟,博士,2.5,SideStory活动,游戏内问卷,反馈入口太深了，找客服像做隐藏任务。,无图,neutral,中性,0.77,,,0.0,neutral,中性,0.77,客服求助,低,是,记录样本；进入日报统计,常规反馈,文本情绪=中性(0.77); 图像线索=无图/喜悦(0.0); 融合结果=中性(0.77); 意图=客服求助; 风险=低
FB0159,2026-04-07 04:45:00,原神,旅行者,5.7,角色祈愿,NGA论坛,更新后进副本会卡在加载界面，重启也不稳定，希望尽快修。,活动奖励截图,anger,愤怒,0.66,anger,愤怒,0.7,anger,愤怒,0.67,BUG反馈,严重,是,立即人工复核；升级舆情预警；准备补充公告/补偿评估,体验问题；需人工复核,文本情绪=愤怒(0.66); 图像线索=活动奖励截图/愤怒(0.7); 融合结果=愤怒(0.67); 意图=BUG反馈; 风险=严重
FB0160,2026-04-02 19:33:00,星穹铁道,开拓者,3.4,活动商店,B站评论,更新后进副本会卡在加载界面，重启也不稳定，希望尽快修。,角色立绘截图,sadness,失落,0.78,sadness,失落,0.81,sadness,失落,0.79,BUG反馈,高,是,优先客服跟进；同步运营群；检查公告口径,体验问题；需人工复核,文本情绪=失落(0.78); 图像线索=角色立绘截图/失落(0.81); 融合结果=失落(0.79); 意图=BUG反馈; 风险=高
FB0161,2026-04-17 18:39:00,鸣潮,漂泊者,3.0,主线间章,NGA论坛,这次主线后半段演出很燃，角色的选择也有说服力，想继续追。,角色立绘截图,fear,担忧,0.89,anger,愤怒,0.56,fear,担忧,0.77,剧情评价,中,是,生成角色化安抚回复；归入版本反馈池,内容反馈,文本情绪=担忧(0.89); 图像线索=角色立绘截图/愤怒(0.56); 融合结果=担忧(0.77); 意图=剧情评价; 风险=中
FB0162,2026-04-04 01:05:00,星穹铁道,开拓者,3.3,跃迁卡池,微博超话,客服回复很快，也帮我找回了误删邮件，感谢。,活动奖励截图,sadness,失落,0.72,sadness,失落,0.36,sadness,失落,0.59,客服求助,中,是,生成角色化安抚回复；归入版本反馈池,常规反馈,文本情绪=失落(0.72); 图像线索=活动奖励截图/失落(0.36); 融合结果=失落(0.59); 意图=客服求助; 风险=中
FB0163,2026-04-05 00:14:00,鸣潮,漂泊者,3.2,海蚀遗迹活动,微博超话,文案里专有名词太密集，新玩家看得有点懵。,活动奖励截图,anger,愤怒,0.91,anger,愤怒,0.88,anger,愤怒,0.9,剧情评价,严重,是,立即人工复核；升级舆情预警；准备补充公告/补偿评估,内容反馈；需人工复核,文本情绪=愤怒(0.91); 图像线索=活动奖励截图/愤怒(0.88); 融合结果=愤怒(0.9); 意图=剧情评价; 风险=严重
FB0164,2026-05-05 08:59:00,原神,旅行者,5.7,月之歌版本,TapTap,这次礼包性价比还可以，但希望别把关键养成材料拆太碎。,剧情CG截图,anger,愤怒,0.64,trust,信任,0.74,trust,信任,0.68,抽卡/付费,中,是,生成角色化安抚回复；归入版本反馈池,商业化/补偿；可正向传播,文本情绪=愤怒(0.64); 图像线索=剧情CG截图/信任(0.74); 融合结果=信任(0.68); 意图=抽卡/付费; 风险=中
FB0165,2026-04-09 17:27:00,星穹铁道,开拓者,3.3,活动商店,B站评论,限定池保底压力太大，连续歪真的心态爆炸。,崩溃报错截图,anger,愤怒,0.61,neutral,中性,0.37,anger,愤怒,0.53,抽卡/付费,严重,是,立即人工复核；升级舆情预警；准备补充公告/补偿评估,商业化/补偿；需人工复核,文本情绪=愤怒(0.61); 图像线索=崩溃报错截图/中性(0.37); 融合结果=愤怒(0.53); 意图=抽卡/付费; 风险=严重
FB0166,2026-05-08 05:11:00,明日方舟,博士,2.6,限定寻访,客服工单,反馈入口太深了，找客服像做隐藏任务。,抽卡截图,neutral,中性,0.83,surprise,惊讶,0.8,neutral,中性,0.82,客服求助,低,是,记录样本；进入日报统计,常规反馈,文本情绪=中性(0.83); 图像线索=抽卡截图/惊讶(0.8); 融合结果=中性(0.82); 意图=客服求助; 风险=低
FB0167,2026-04-28 09:23:00,原神,旅行者,5.7,角色祈愿,客服工单,角色强度和剧情表现差距有点大，希望后续能加强。,角色立绘截图,joy,喜悦,0.58,joy,喜悦,0.78,joy,喜悦,0.65,角色厨力,低,是,记录样本；进入日报统计,内容反馈；可正向传播,文本情绪=喜悦(0.58); 图像线索=角色立绘截图/喜悦(0.78); 融合结果=喜悦(0.65); 意图=角色厨力; 风险=低
FB0168,2026-04-10 04:01:00,鸣潮,漂泊者,3.3,海蚀遗迹活动,客服工单,剧情节奏有点拖，前面铺垫太长，关键冲突反而一笔带过。,公告截图,joy,喜悦,0.79,joy,喜悦,0.52,joy,喜悦,0.7,剧情评价,低,否,记录样本；进入日报统计,内容反馈；可正向传播,文本情绪=喜悦(0.79); 图像线索=公告截图/喜悦(0.52); 融合结果=喜悦(0.7); 意图=剧情评价; 风险=低
FB0169,2026-04-15 20:08:00,原神,旅行者,5.7,深境挑战,客服工单,角色调整没有提前沟通，老玩家会觉得被背刺。,战斗掉帧截图,anger,愤怒,0.68,anger,愤怒,0.6,anger,愤怒,0.65,舆情投诉,严重,是,立即人工复核；升级舆情预警；准备补充公告/补偿评估,需人工复核,文本情绪=愤怒(0.68); 图像线索=战斗掉帧截图/愤怒(0.6); 融合结果=愤怒(0.65); 意图=舆情投诉; 风险=严重
FB0170,2026-05-13 16:38:00,明日方舟,博士,2.6,集成战略,NGA论坛,提交工单三天还没回复，活动都快结束了。,战斗掉帧截图,neutral,中性,0.75,neutral,中性,0.89,neutral,中性,0.8,客服求助,低,是,记录样本；进入日报统计,常规反馈,文本情绪=中性(0.75); 图像线索=战斗掉帧截图/中性(0.89); 融合结果=中性(0.8); 意图=客服求助; 风险=低
FB0171,2026-05-08 02:52:00,明日方舟,博士,2.7,集成战略,游戏内问卷,客服和社区运营这次处理得很稳，值得夸。,战斗掉帧截图,surprise,惊讶,0.83,surprise,惊讶,0.69,surprise,惊讶,0.78,正向安利,低,是,记录样本；进入日报统计,常规反馈,文本情绪=惊讶(0.83); 图像线索=战斗掉帧截图/惊讶(0.69); 融合结果=惊讶(0.78); 意图=正向安利; 风险=低
FB0172,2026-05-13 06:36:00,星穹铁道,开拓者,3.3,版本前瞻,小红书,这次事故影响挺大，只给常规补偿感觉不太够。,角色立绘截图,neutral,中性,0.7,trust,信任,0.56,neutral,中性,0.65,福利补偿,低,是,记录样本；进入日报统计,商业化/补偿,文本情绪=中性(0.7); 图像线索=角色立绘截图/信任(0.56); 融合结果=中性(0.65); 意图=福利补偿; 风险=低
FB0173,2026-04-26 05:53:00,鸣潮,漂泊者,3.0,海蚀遗迹活动,QQ群,公告说法太模糊，社区都吵起来了，建议尽快补充解释。,崩溃报错截图,sadness,失落,0.89,sadness,失落,0.71,sadness,失落,0.83,舆情投诉,严重,是,立即人工复核；升级舆情预警；准备补充公告/补偿评估,需人工复核,文本情绪=失落(0.89); 图像线索=崩溃报错截图/失落(0.71); 融合结果=失落(0.83); 意图=舆情投诉; 风险=严重
FB0174,2026-05-09 16:38:00,鸣潮,漂泊者,3.3,海蚀遗迹活动,微博超话,角色强度和剧情表现差距有点大，希望后续能加强。,崩溃报错截图,joy,喜悦,0.73,joy,喜悦,0.8,joy,喜悦,0.75,角色厨力,低,是,记录样本；进入日报统计,内容反馈；可正向传播,文本情绪=喜悦(0.73); 图像线索=崩溃报错截图/喜悦(0.8); 融合结果=喜悦(0.75); 意图=角色厨力; 风险=低
FB0175,2026-04-29 16:50:00,原神,旅行者,5.6,海灯节复刻,客服工单,高难关卡数值有点夸张，普通玩家很难拿满奖励。,角色立绘截图,sadness,失落,0.58,sadness,失落,0.78,sadness,失落,0.65,活动体验,中,是,生成角色化安抚回复；归入版本反馈池,常规反馈,文本情绪=失落(0.58); 图像线索=角色立绘截图/失落(0.78); 融合结果=失落(0.65); 意图=活动体验; 风险=中
FB0176,2026-04-30 19:01:00,鸣潮,漂泊者,3.3,海蚀遗迹活动,TapTap,账号异常登录提醒不够明显，希望能增加二次确认。,抽卡截图,sadness,失落,0.69,sadness,失落,0.89,sadness,失落,0.76,客服求助,中,是,生成角色化安抚回复；归入版本反馈池,常规反馈,文本情绪=失落(0.69); 图像线索=抽卡截图/失落(0.89); 融合结果=失落(0.76); 意图=客服求助; 风险=中
FB0177,2026-05-15 20:30:00,鸣潮,漂泊者,3.3,声骸双倍,NGA论坛,邮件有效期太短，错过上线就领不到，有点难受。,活动奖励截图,anger,愤怒,0.62,anger,愤怒,0.52,anger,愤怒,0.58,福利补偿,高,是,优先客服跟进；同步运营群；检查公告口径,商业化/补偿；需人工复核,文本情绪=愤怒(0.62); 图像线索=活动奖励截图/愤怒(0.52); 融合结果=愤怒(0.58); 意图=福利补偿; 风险=高
FB0178,2026-04-15 00:21:00,原神,旅行者,5.7,海灯节复刻,TapTap,维护补偿到账很快，这点好评。,剧情CG截图,surprise,惊讶,0.94,sadness,失落,0.46,surprise,惊讶,0.77,福利补偿,低,否,记录样本；进入日报统计,商业化/补偿,文本情绪=惊讶(0.94); 图像线索=剧情CG截图/失落(0.46); 融合结果=惊讶(0.77); 意图=福利补偿; 风险=低
FB0179,2026-04-01 18:45:00,星穹铁道,开拓者,3.4,版本前瞻,客服工单,今天打活动关突然闪退两次，体力扣了但奖励没结算。,抽卡截图,anger,愤怒,0.69,sadness,失落,0.56,anger,愤怒,0.64,BUG反馈,严重,是,立即人工复核；升级舆情预警；准备补充公告/补偿评估,体验问题；需人工复核,文本情绪=愤怒(0.69); 图像线索=抽卡截图/失落(0.56); 融合结果=愤怒(0.64); 意图=BUG反馈; 风险=严重
FB0180,2026-05-04 12:39:00,鸣潮,漂泊者,3.3,声骸双倍,游戏内问卷,提交工单三天还没回复，活动都快结束了。,公告截图,sadness,失落,0.62,sadness,失落,0.81,sadness,失落,0.69,客服求助,中,是,生成角色化安抚回复；归入版本反馈池,常规反馈,文本情绪=失落(0.62); 图像线索=公告截图/失落(0.81); 融合结果=失落(0.69); 意图=客服求助; 风险=中
FB0181,2026-04-21 17:19:00,明日方舟,博士,2.6,限定寻访,微博超话,美术、音乐和角色塑造都在线，适合喜欢剧情向二游的玩家。,战斗掉帧截图,joy,喜悦,0.72,joy,喜悦,0.59,joy,喜悦,0.67,正向安利,低,是,记录样本；进入日报统计,可正向传播,文本情绪=喜悦(0.72); 图像线索=战斗掉帧截图/喜悦(0.59); 融合结果=喜悦(0.67); 意图=正向安利; 风险=低
FB0182,2026-05-13 03:18:00,星穹铁道,开拓者,3.2,版本前瞻,TapTap,更新包太大了，能不能做分包下载。,活动奖励截图,anger,愤怒,0.7,neutral,中性,0.89,neutral,中性,0.77,性能优化,低,否,记录样本；进入日报统计,体验问题,文本情绪=愤怒(0.7); 图像线索=活动奖励截图/中性(0.89); 融合结果=中性(0.77); 意图=性能优化; 风险=低
FB0183,2026-05-13 08:26:00,鸣潮,漂泊者,3.3,主线间章,客服工单,联机活动匹配体验一般，队友掉线后没有补偿机制。,战斗掉帧截图,neutral,中性,0.75,neutral,中性,0.37,neutral,中性,0.62,活动体验,低,是,记录样本；进入日报统计,常规反馈,文本情绪=中性(0.75); 图像线索=战斗掉帧截图/中性(0.37); 融合结果=中性(0.62); 意图=活动体验; 风险=低
FB0184,2026-05-10 09:36:00,明日方舟,博士,2.6,限定寻访,TapTap,移动端画面特效一多就掉帧，尤其是新地图传送点附近。,抽卡截图,sadness,失落,0.87,surprise,惊讶,0.79,surprise,惊讶,0.84,BUG反馈,高,是,优先客服跟进；同步运营群；检查公告口径,体验问题；需人工复核,文本情绪=失落(0.87); 图像线索=抽卡截图/惊讶(0.79); 融合结果=惊讶(0.84); 意图=BUG反馈; 风险=高
FB0185,2026-04-26 18:55:00,原神,旅行者,5.6,角色祈愿,NGA论坛,客服回复很快，也帮我找回了误删邮件，感谢。,公告截图,trust,信任,0.75,anger,愤怒,0.6,trust,信任,0.7,客服求助,低,是,记录样本；进入日报统计,可正向传播,文本情绪=信任(0.75); 图像线索=公告截图/愤怒(0.6); 融合结果=信任(0.7); 意图=客服求助; 风险=低
FB0186,2026-04-15 12:39:00,原神,旅行者,5.8,深境挑战,客服工单,活动商店兑换材料丰富，肝度控制得不错。,剧情CG截图,joy,喜悦,0.66,neutral,中性,0.65,joy,喜悦,0.66,活动体验,低,否,记录样本；进入日报统计,可正向传播,文本情绪=喜悦(0.66); 图像线索=剧情CG截图/中性(0.65); 融合结果=喜悦(0.66); 意图=活动体验; 风险=低
FB0187,2026-05-06 11:58:00,明日方舟,博士,2.4,剿灭委托,TapTap,皮肤很漂亮，但价格略贵，特效如果再多一点会更愿意买。,战斗掉帧截图,joy,喜悦,0.69,sadness,失落,0.49,joy,喜悦,0.62,角色厨力,低,否,记录样本；进入日报统计,内容反馈；可正向传播,文本情绪=喜悦(0.69); 图像线索=战斗掉帧截图/失落(0.49); 融合结果=喜悦(0.62); 意图=角色厨力; 风险=低
FB0188,2026-05-03 09:28:00,鸣潮,漂泊者,3.2,共鸣者唤取,客服工单,低画质下部分特效还是很糊，截图看不清角色动作。,抽卡截图,anger,愤怒,0.88,anger,愤怒,0.78,anger,愤怒,0.84,性能优化,严重,是,立即人工复核；升级舆情预警；准备补充公告/补偿评估,体验问题；需人工复核,文本情绪=愤怒(0.88); 图像线索=抽卡截图/愤怒(0.78); 融合结果=愤怒(0.84); 意图=性能优化; 风险=严重
FB0189,2026-05-10 11:40:00,星穹铁道,开拓者,3.1,活动商店,微博超话,账号异常登录提醒不够明显，希望能增加二次确认。,抽卡截图,neutral,中性,0.72,trust,信任,0.47,neutral,中性,0.63,客服求助,低,是,记录样本；进入日报统计,常规反馈,文本情绪=中性(0.72); 图像线索=抽卡截图/信任(0.47); 融合结果=中性(0.63); 意图=客服求助; 风险=低
FB0190,2026-04-30 04:35:00,星穹铁道,开拓者,3.3,同行任务,小红书,联机活动匹配体验一般，队友掉线后没有补偿机制。,活动奖励截图,surprise,惊讶,0.8,joy,喜悦,0.38,surprise,惊讶,0.65,活动体验,低,否,记录样本；进入日报统计,常规反馈,文本情绪=惊讶(0.8); 图像线索=活动奖励截图/喜悦(0.38); 融合结果=惊讶(0.65); 意图=活动体验; 风险=低
FB0191,2026-05-07 21:12:00,原神,旅行者,6.0,角色祈愿,B站评论,剧情节奏有点拖，前面铺垫太长，关键冲突反而一笔带过。,角色立绘截图,disgust,反感,0.93,disgust,反感,0.88,disgust,反感,0.91,剧情评价,严重,是,立即人工复核；升级舆情预警；准备补充公告/补偿评估,内容反馈；需人工复核,文本情绪=反感(0.93); 图像线索=角色立绘截图/反感(0.88); 融合结果=反感(0.91); 意图=剧情评价; 风险=严重
FB0192,2026-04-05 19:25:00,原神,旅行者,5.8,月之歌版本,TapTap,邮件有效期太短，错过上线就领不到，有点难受。,剧情CG截图,surprise,惊讶,0.86,surprise,惊讶,0.4,surprise,惊讶,0.7,福利补偿,低,是,记录样本；进入日报统计,商业化/补偿,文本情绪=惊讶(0.86); 图像线索=剧情CG截图/惊讶(0.4); 融合结果=惊讶(0.7); 意图=福利补偿; 风险=低
FB0193,2026-05-15 16:43:00,原神,旅行者,5.7,月之歌版本,NGA论坛,联机活动匹配体验一般，队友掉线后没有补偿机制。,公告截图,sadness,失落,0.58,trust,信任,0.75,trust,信任,0.64,活动体验,低,否,记录样本；进入日报统计,可正向传播,文本情绪=失落(0.58); 图像线索=公告截图/信任(0.75); 融合结果=信任(0.64); 意图=活动体验; 风险=低
FB0194,2026-04-28 02:23:00,原神,旅行者,5.6,月之歌版本,微博超话,联机活动匹配体验一般，队友掉线后没有补偿机制。,战斗掉帧截图,trust,信任,0.63,sadness,失落,0.39,trust,信任,0.55,活动体验,低,是,记录样本；进入日报统计,可正向传播,文本情绪=信任(0.63); 图像线索=战斗掉帧截图/失落(0.39); 融合结果=信任(0.55); 意图=活动体验; 风险=低
FB0195,2026-05-09 03:55:00,鸣潮,漂泊者,3.0,共鸣者唤取,客服工单,账号异常登录提醒不够明显，希望能增加二次确认。,战斗掉帧截图,anger,愤怒,0.92,trust,信任,0.55,anger,愤怒,0.79,客服求助,高,是,优先客服跟进；同步运营群；检查公告口径,需人工复核,文本情绪=愤怒(0.92); 图像线索=战斗掉帧截图/信任(0.55); 融合结果=愤怒(0.79); 意图=客服求助; 风险=高
FB0196,2026-04-22 13:35:00,星穹铁道,开拓者,3.3,跃迁卡池,微博超话,这次事故影响挺大，只给常规补偿感觉不太够。,角色立绘截图,surprise,惊讶,0.85,joy,喜悦,0.83,joy,喜悦,0.84,福利补偿,中,是,生成角色化安抚回复；归入版本反馈池,商业化/补偿；可正向传播,文本情绪=惊讶(0.85); 图像线索=角色立绘截图/喜悦(0.83); 融合结果=喜悦(0.84); 意图=福利补偿; 风险=中
FB0197,2026-04-21 19:31:00,鸣潮,漂泊者,3.2,海蚀遗迹活动,B站评论,角色调整没有提前沟通，老玩家会觉得被背刺。,抽卡截图,anger,愤怒,0.67,anger,愤怒,0.91,anger,愤怒,0.75,舆情投诉,严重,是,立即人工复核；升级舆情预警；准备补充公告/补偿评估,需人工复核,文本情绪=愤怒(0.67); 图像线索=抽卡截图/愤怒(0.91); 融合结果=愤怒(0.75); 意图=舆情投诉; 风险=严重
FB0198,2026-04-16 02:48:00,明日方舟,博士,2.7,SideStory活动,游戏内问卷,这次事故影响挺大，只给常规补偿感觉不太够。,抽卡截图,sadness,失落,0.96,sadness,失落,0.39,sadness,失落,0.76,福利补偿,中,是,生成角色化安抚回复；归入版本反馈池,商业化/补偿,文本情绪=失落(0.96); 图像线索=抽卡截图/失落(0.39); 融合结果=失落(0.76); 意图=福利补偿; 风险=中
FB0199,2026-05-14 03:49:00,明日方舟,博士,2.7,危机合约轮换,小红书,活动小游戏挺有创意，但每日任务重复度太高。,抽卡截图,sadness,失落,0.85,sadness,失落,0.51,sadness,失落,0.73,活动体验,中,是,生成角色化安抚回复；归入版本反馈池,常规反馈,文本情绪=失落(0.85); 图像线索=抽卡截图/失落(0.51); 融合结果=失落(0.73); 意图=活动体验; 风险=中
FB0200,2026-04-07 00:19:00,明日方舟,博士,2.6,限定寻访,客服工单,剧情节奏有点拖，前面铺垫太长，关键冲突反而一笔带过。,剧情CG截图,neutral,中性,0.86,neutral,中性,0.4,neutral,中性,0.7,剧情评价,低,否,记录样本；进入日报统计,内容反馈,文本情绪=中性(0.86); 图像线索=剧情CG截图/中性(0.4); 融合结果=中性(0.7); 意图=剧情评价; 风险=低
FB0201,2026-04-02 10:45:00,原神,旅行者,5.7,幻想境活动,微博超话,提交工单三天还没回复，活动都快结束了。,活动奖励截图,anger,愤怒,0.58,surprise,惊讶,0.45,anger,愤怒,0.53,客服求助,高,是,优先客服跟进；同步运营群；检查公告口径,需人工复核,文本情绪=愤怒(0.58); 图像线索=活动奖励截图/惊讶(0.45); 融合结果=愤怒(0.53); 意图=客服求助; 风险=高
FB0202,2026-04-24 14:33:00,鸣潮,漂泊者,3.2,潮汐回响版本,客服工单,新角色人设太戳我了，战斗动作和待机语音都很有记忆点。,抽卡截图,joy,喜悦,0.85,joy,喜悦,0.64,joy,喜悦,0.78,角色厨力,低,是,记录样本；进入日报统计,内容反馈；可正向传播,文本情绪=喜悦(0.85); 图像线索=抽卡截图/喜悦(0.64); 融合结果=喜悦(0.78); 意图=角色厨力; 风险=低
FB0203,2026-04-10 03:57:00,星穹铁道,开拓者,3.2,同行任务,小红书,新活动氛围很好，截图随便拍都能当壁纸。,剧情CG截图,trust,信任,0.85,joy,喜悦,0.38,trust,信任,0.69,正向安利,低,是,记录样本；进入日报统计,可正向传播,文本情绪=信任(0.85); 图像线索=剧情CG截图/喜悦(0.38); 融合结果=信任(0.69); 意图=正向安利; 风险=低
FB0204,2026-04-16 15:59:00,鸣潮,漂泊者,3.3,声骸双倍,TapTap,任务指引把我带到空气墙后面了，找了半小时都没触发。,崩溃报错截图,neutral,中性,0.59,neutral,中性,0.49,neutral,中性,0.55,BUG反馈,中,是,生成角色化安抚回复；归入版本反馈池,体验问题,文本情绪=中性(0.59); 图像线索=崩溃报错截图/中性(0.49); 融合结果=中性(0.55); 意图=BUG反馈; 风险=中
FB0205,2026-04-20 10:51:00,明日方舟,博士,2.4,危机合约轮换,TapTap,新角色的个人故事很细腻，配音和BGM加分，真的有被打动。,崩溃报错截图,fear,担忧,0.6,fear,担忧,0.62,fear,担忧,0.61,剧情评价,中,是,生成角色化安抚回复；归入版本反馈池,内容反馈,文本情绪=担忧(0.6); 图像线索=崩溃报错截图/担忧(0.62); 融合结果=担忧(0.61); 意图=剧情评价; 风险=中
FB0206,2026-05-02 20:12:00,明日方舟,博士,2.7,剿灭委托,B站评论,维护补偿到账很快，这点好评。,剧情CG截图,anger,愤怒,0.88,anger,愤怒,0.69,anger,愤怒,0.81,福利补偿,高,是,优先客服跟进；同步运营群；检查公告口径,商业化/补偿；需人工复核,文本情绪=愤怒(0.88); 图像线索=剧情CG截图/愤怒(0.69); 融合结果=愤怒(0.81); 意图=福利补偿; 风险=高
FB0207,2026-04-03 09:14:00,星穹铁道,开拓者,3.1,跃迁卡池,客服工单,活动商店兑换材料丰富，肝度控制得不错。,无图,fear,担忧,0.82,,,0.0,fear,担忧,0.82,活动体验,中,是,生成角色化安抚回复；归入版本反馈池,常规反馈,文本情绪=担忧(0.82); 图像线索=无图/中性(0.0); 融合结果=担忧(0.82); 意图=活动体验; 风险=中
FB0208,2026-05-07 04:31:00,原神,旅行者,5.7,月之歌版本,NGA论坛,过场动画加载变快了，体验比上个版本好。,战斗掉帧截图,trust,信任,0.95,anger,愤怒,0.38,trust,信任,0.75,性能优化,低,是,记录样本；进入日报统计,体验问题；可正向传播,文本情绪=信任(0.95); 图像线索=战斗掉帧截图/愤怒(0.38); 融合结果=信任(0.75); 意图=性能优化; 风险=低
FB0209,2026-05-05 00:04:00,星穹铁道,开拓者,3.1,模拟宇宙更新,TapTap,希望补偿规则透明一些，哪些情况能补、补多少要提前说清楚。,战斗掉帧截图,surprise,惊讶,0.6,surprise,惊讶,0.5,surprise,惊讶,0.56,福利补偿,低,否,记录样本；进入日报统计,商业化/补偿,文本情绪=惊讶(0.6); 图像线索=战斗掉帧截图/惊讶(0.5); 融合结果=惊讶(0.56); 意图=福利补偿; 风险=低
FB0210,2026-04-18 16:08:00,明日方舟,博士,2.5,集成战略,微博超话,希望补偿规则透明一些，哪些情况能补、补多少要提前说清楚。,战斗掉帧截图,neutral,中性,0.8,neutral,中性,0.61,neutral,中性,0.73,福利补偿,低,否,记录样本；进入日报统计,商业化/补偿,文本情绪=中性(0.8); 图像线索=战斗掉帧截图/中性(0.61); 融合结果=中性(0.73); 意图=福利补偿; 风险=低
FB0211,2026-05-10 21:16:00,星穹铁道,开拓者,3.4,跃迁卡池,小红书,新角色的个人故事很细腻，配音和BGM加分，真的有被打动。,角色立绘截图,neutral,中性,0.61,joy,喜悦,0.47,neutral,中性,0.56,剧情评价,低,否,记录样本；进入日报统计,内容反馈,文本情绪=中性(0.61); 图像线索=角色立绘截图/喜悦(0.47); 融合结果=中性(0.56); 意图=剧情评价; 风险=低
FB0212,2026-04-26 21:16:00,鸣潮,漂泊者,3.3,声骸双倍,B站评论,剧情节奏有点拖，前面铺垫太长，关键冲突反而一笔带过。,崩溃报错截图,neutral,中性,0.65,fear,担忧,0.4,neutral,中性,0.56,剧情评价,低,是,记录样本；进入日报统计,内容反馈,文本情绪=中性(0.65); 图像线索=崩溃报错截图/担忧(0.4); 融合结果=中性(0.56); 意图=剧情评价; 风险=低
FB0213,2026-04-18 06:52:00,鸣潮,漂泊者,3.0,潮汐回响版本,TapTap,这次主线后半段演出很燃，角色的选择也有说服力，想继续追。,抽卡截图,sadness,失落,0.84,surprise,惊讶,0.87,sadness,失落,0.85,剧情评价,高,是,优先客服跟进；同步运营群；检查公告口径,内容反馈；需人工复核,文本情绪=失落(0.84); 图像线索=抽卡截图/惊讶(0.87); 融合结果=失落(0.85); 意图=剧情评价; 风险=高
FB0214,2026-04-29 16:07:00,原神,旅行者,5.7,角色祈愿,微博超话,剧情节奏有点拖，前面铺垫太长，关键冲突反而一笔带过。,战斗掉帧截图,joy,喜悦,0.76,trust,信任,0.82,trust,信任,0.78,剧情评价,低,否,记录样本；进入日报统计,内容反馈；可正向传播,文本情绪=喜悦(0.76); 图像线索=战斗掉帧截图/信任(0.82); 融合结果=信任(0.78); 意图=剧情评价; 风险=低
FB0215,2026-04-17 08:17:00,原神,旅行者,5.8,海灯节复刻,NGA论坛,低画质下部分特效还是很糊，截图看不清角色动作。,无图,anger,愤怒,0.92,,,0.0,anger,愤怒,0.92,性能优化,严重,是,立即人工复核；升级舆情预警；准备补充公告/补偿评估,体验问题；需人工复核,文本情绪=愤怒(0.92); 图像线索=无图/担忧(0.0); 融合结果=愤怒(0.92); 意图=性能优化; 风险=严重
FB0216,2026-04-08 20:17:00,明日方舟,博士,2.7,剿灭委托,B站评论,反馈入口太深了，找客服像做隐藏任务。,剧情CG截图,sadness,失落,0.74,joy,喜悦,0.91,joy,喜悦,0.8,客服求助,低,是,记录样本；进入日报统计,可正向传播,文本情绪=失落(0.74); 图像线索=剧情CG截图/喜悦(0.91); 融合结果=喜悦(0.8); 意图=客服求助; 风险=低
FB0217,2026-04-24 10:11:00,明日方舟,博士,2.6,集成战略,客服工单,反馈入口太深了，找客服像做隐藏任务。,无图,anger,愤怒,0.81,,,0.0,anger,愤怒,0.81,客服求助,高,是,优先客服跟进；同步运营群；检查公告口径,需人工复核,文本情绪=愤怒(0.81); 图像线索=无图/惊讶(0.0); 融合结果=愤怒(0.81); 意图=客服求助; 风险=高
FB0218,2026-04-09 22:15:00,原神,旅行者,5.7,深境挑战,TapTap,账号异常登录提醒不够明显，希望能增加二次确认。,无图,neutral,中性,0.68,,,0.0,neutral,中性,0.68,客服求助,低,是,记录样本；进入日报统计,常规反馈,文本情绪=中性(0.68); 图像线索=无图/担忧(0.0); 融合结果=中性(0.68); 意图=客服求助; 风险=低
FB0219,2026-05-01 23:58:00,星穹铁道,开拓者,3.2,跃迁卡池,游戏内问卷,这次事故影响挺大，只给常规补偿感觉不太够。,公告截图,surprise,惊讶,0.85,sadness,失落,0.67,surprise,惊讶,0.79,福利补偿,低,是,记录样本；进入日报统计,商业化/补偿,文本情绪=惊讶(0.85); 图像线索=公告截图/失落(0.67); 融合结果=惊讶(0.79); 意图=福利补偿; 风险=低
FB0220,2026-04-09 01:03:00,星穹铁道,开拓者,3.4,跃迁卡池,B站评论,直播承诺和实装差距太大，这种落差很伤信任。,活动奖励截图,anger,愤怒,0.66,anger,愤怒,0.87,anger,愤怒,0.73,舆情投诉,严重,是,立即人工复核；升级舆情预警；准备补充公告/补偿评估,需人工复核,文本情绪=愤怒(0.66); 图像线索=活动奖励截图/愤怒(0.87); 融合结果=愤怒(0.73); 意图=舆情投诉; 风险=严重
FB0221,2026-04-03 05:09:00,鸣潮,漂泊者,3.2,共鸣者唤取,B站评论,这次礼包性价比还可以，但希望别把关键养成材料拆太碎。,抽卡截图,joy,喜悦,0.93,neutral,中性,0.9,neutral,中性,0.92,抽卡/付费,高,是,优先客服跟进；同步运营群；检查公告口径,商业化/补偿；需人工复核,文本情绪=喜悦(0.93); 图像线索=抽卡截图/中性(0.9); 融合结果=中性(0.92); 意图=抽卡/付费; 风险=高
FB0222,2026-04-13 00:10:00,星穹铁道,开拓者,3.3,同行任务,游戏内问卷,美术、音乐和角色塑造都在线，适合喜欢剧情向二游的玩家。,活动奖励截图,trust,信任,0.75,sadness,失落,0.75,sadness,失落,0.75,正向安利,中,是,生成角色化安抚回复；归入版本反馈池,常规反馈,文本情绪=信任(0.75); 图像线索=活动奖励截图/失落(0.75); 融合结果=失落(0.75); 意图=正向安利; 风险=中
FB0223,2026-04-12 05:11:00,鸣潮,漂泊者,3.2,海蚀遗迹活动,小红书,新活动氛围很好，截图随便拍都能当壁纸。,崩溃报错截图,trust,信任,0.94,joy,喜悦,0.45,trust,信任,0.77,正向安利,低,否,记录样本；进入日报统计,可正向传播,文本情绪=信任(0.94); 图像线索=崩溃报错截图/喜悦(0.45); 融合结果=信任(0.77); 意图=正向安利; 风险=低
FB0224,2026-04-08 00:15:00,鸣潮,漂泊者,3.0,海蚀遗迹活动,游戏内问卷,美术、音乐和角色塑造都在线，适合喜欢剧情向二游的玩家。,抽卡截图,joy,喜悦,0.7,neutral,中性,0.6,neutral,中性,0.66,正向安利,低,是,记录样本；进入日报统计,常规反馈,文本情绪=喜悦(0.7); 图像线索=抽卡截图/中性(0.6); 融合结果=中性(0.66); 意图=正向安利; 风险=低
FB0225,2026-04-05 11:24:00,鸣潮,漂泊者,2.6,声骸双倍,B站评论,新角色的个人故事很细腻，配音和BGM加分，真的有被打动。,战斗掉帧截图,sadness,失落,0.74,disgust,反感,0.85,disgust,反感,0.78,剧情评价,高,是,优先客服跟进；同步运营群；检查公告口径,内容反馈；需人工复核,文本情绪=失落(0.74); 图像线索=战斗掉帧截图/反感(0.85); 融合结果=反感(0.78); 意图=剧情评价; 风险=高
FB0226,2026-05-09 21:04:00,星穹铁道,开拓者,3.2,活动商店,TapTap,文案里专有名词太密集，新玩家看得有点懵。,无图,neutral,中性,0.59,,,0.0,neutral,中性,0.59,剧情评价,低,否,记录样本；进入日报统计,内容反馈,文本情绪=中性(0.59); 图像线索=无图/中性(0.0); 融合结果=中性(0.59); 意图=剧情评价; 风险=低
FB0227,2026-04-07 18:35:00,原神,旅行者,6.0,海灯节复刻,TapTap,新角色的个人故事很细腻，配音和BGM加分，真的有被打动。,公告截图,trust,信任,0.95,disgust,反感,0.75,trust,信任,0.88,剧情评价,中,是,生成角色化安抚回复；归入版本反馈池,内容反馈；可正向传播,文本情绪=信任(0.95); 图像线索=公告截图/反感(0.75); 融合结果=信任(0.88); 意图=剧情评价; 风险=中
FB0228,2026-04-29 15:13:00,星穹铁道,开拓者,3.1,跃迁卡池,微博超话,攒了两个月终于抽到本命，角色演出太值了。,角色立绘截图,surprise,惊讶,0.74,surprise,惊讶,0.49,surprise,惊讶,0.65,抽卡/付费,中,是,生成角色化安抚回复；归入版本反馈池,商业化/补偿,文本情绪=惊讶(0.74); 图像线索=角色立绘截图/惊讶(0.49); 融合结果=惊讶(0.65); 意图=抽卡/付费; 风险=中
FB0229,2026-04-01 16:27:00,原神,旅行者,5.6,海灯节复刻,游戏内问卷,低画质下部分特效还是很糊，截图看不清角色动作。,活动奖励截图,anger,愤怒,0.89,anger,愤怒,0.36,anger,愤怒,0.7,性能优化,高,是,优先客服跟进；同步运营群；检查公告口径,体验问题；需人工复核,文本情绪=愤怒(0.89); 图像线索=活动奖励截图/愤怒(0.36); 融合结果=愤怒(0.7); 意图=性能优化; 风险=高
FB0230,2026-05-05 07:30:00,鸣潮,漂泊者,2.6,海蚀遗迹活动,小红书,新角色人设太戳我了，战斗动作和待机语音都很有记忆点。,抽卡截图,joy,喜悦,0.83,trust,信任,0.46,joy,喜悦,0.7,角色厨力,低,否,记录样本；进入日报统计,内容反馈；可正向传播,文本情绪=喜悦(0.83); 图像线索=抽卡截图/信任(0.46); 融合结果=喜悦(0.7); 意图=角色厨力; 风险=低
FB0231,2026-05-11 01:16:00,明日方舟,博士,2.6,危机合约轮换,QQ群,攒了两个月终于抽到本命，角色演出太值了。,无图,anger,愤怒,0.68,,,0.0,anger,愤怒,0.68,抽卡/付费,严重,是,立即人工复核；升级舆情预警；准备补充公告/补偿评估,商业化/补偿；需人工复核,文本情绪=愤怒(0.68); 图像线索=无图/失落(0.0); 融合结果=愤怒(0.68); 意图=抽卡/付费; 风险=严重
FB0232,2026-04-06 13:53:00,原神,旅行者,6.0,深境挑战,NGA论坛,新角色的个人故事很细腻，配音和BGM加分，真的有被打动。,活动奖励截图,sadness,失落,0.78,fear,担忧,0.62,sadness,失落,0.72,剧情评价,中,是,生成角色化安抚回复；归入版本反馈池,内容反馈,文本情绪=失落(0.78); 图像线索=活动奖励截图/担忧(0.62); 融合结果=失落(0.72); 意图=剧情评价; 风险=中
FB0233,2026-05-09 16:11:00,原神,旅行者,5.7,深境挑战,微博超话,PC端帧数稳定了不少，但手机端发热还是明显。,剧情CG截图,trust,信任,0.64,sadness,失落,0.37,trust,信任,0.55,性能优化,低,是,记录样本；进入日报统计,体验问题；可正向传播,文本情绪=信任(0.64); 图像线索=剧情CG截图/失落(0.37); 融合结果=信任(0.55); 意图=性能优化; 风险=低
FB0234,2026-04-07 02:05:00,星穹铁道,开拓者,3.3,活动商店,游戏内问卷,活动商店兑换材料丰富，肝度控制得不错。,公告截图,sadness,失落,0.73,disgust,反感,0.87,disgust,反感,0.78,活动体验,高,是,优先客服跟进；同步运营群；检查公告口径,需人工复核,文本情绪=失落(0.73); 图像线索=公告截图/反感(0.87); 融合结果=反感(0.78); 意图=活动体验; 风险=高
FB0235,2026-04-14 00:36:00,原神,旅行者,6.0,月之歌版本,TapTap,客服和社区运营这次处理得很稳，值得夸。,抽卡截图,trust,信任,0.87,anger,愤怒,0.8,anger,愤怒,0.85,正向安利,严重,是,立即人工复核；升级舆情预警；准备补充公告/补偿评估,需人工复核,文本情绪=信任(0.87); 图像线索=抽卡截图/愤怒(0.8); 融合结果=愤怒(0.85); 意图=正向安利; 风险=严重
FB0236,2026-04-16 01:17:00,星穹铁道,开拓者,3.4,版本前瞻,B站评论,角色台词有几句重复触发太频繁，听久了有点出戏。,崩溃报错截图,joy,喜悦,0.81,joy,喜悦,0.86,joy,喜悦,0.83,角色厨力,中,是,生成角色化安抚回复；归入版本反馈池,内容反馈；可正向传播,文本情绪=喜悦(0.81); 图像线索=崩溃报错截图/喜悦(0.86); 融合结果=喜悦(0.83); 意图=角色厨力; 风险=中
FB0237,2026-04-30 04:52:00,鸣潮,漂泊者,3.2,声骸双倍,B站评论,任务指引把我带到空气墙后面了，找了半小时都没触发。,活动奖励截图,sadness,失落,0.7,anger,愤怒,0.9,anger,愤怒,0.77,BUG反馈,严重,是,立即人工复核；升级舆情预警；准备补充公告/补偿评估,体验问题；需人工复核,文本情绪=失落(0.7); 图像线索=活动奖励截图/愤怒(0.9); 融合结果=愤怒(0.77); 意图=BUG反馈; 风险=严重
FB0238,2026-05-06 22:38:00,鸣潮,漂泊者,3.2,海蚀遗迹活动,小红书,这次礼包性价比还可以，但希望别把关键养成材料拆太碎。,剧情CG截图,joy,喜悦,0.65,trust,信任,0.77,trust,信任,0.69,抽卡/付费,中,是,生成角色化安抚回复；归入版本反馈池,商业化/补偿；可正向传播,文本情绪=喜悦(0.65); 图像线索=剧情CG截图/信任(0.77); 融合结果=信任(0.69); 意图=抽卡/付费; 风险=中
FB0239,2026-04-12 22:49:00,原神,旅行者,5.8,月之歌版本,客服工单,角色调整没有提前沟通，老玩家会觉得被背刺。,无图,neutral,中性,0.91,,,0.0,neutral,中性,0.91,舆情投诉,高,是,优先客服跟进；同步运营群；检查公告口径,需人工复核,文本情绪=中性(0.91); 图像线索=无图/失落(0.0); 融合结果=中性(0.91); 意图=舆情投诉; 风险=高
FB0240,2026-04-05 16:58:00,鸣潮,漂泊者,2.6,共鸣者唤取,QQ群,活动小游戏挺有创意，但每日任务重复度太高。,公告截图,sadness,失落,0.66,trust,信任,0.71,sadness,失落,0.68,活动体验,中,是,生成角色化安抚回复；归入版本反馈池,常规反馈,文本情绪=失落(0.66); 图像线索=公告截图/信任(0.71); 融合结果=失落(0.68); 意图=活动体验; 风险=中
